-- real_courses.sql — GENERATED from GolfCourseAPI (node scripts/import_courses.mjs).
-- Real par + stroke index + USGA CR/Slope. Idempotent (INSERT OR REPLACE by id).
-- Replaces the earlier STAND-IN catalog courses.
DELETE FROM holes WHERE tee_id IN (SELECT id FROM tees WHERE course_id IN ('course_prairie','course_ironhorse','course_falcon'));
DELETE FROM tees WHERE course_id IN ('course_prairie','course_ironhorse','course_falcon');
DELETE FROM courses WHERE id IN ('course_prairie','course_ironhorse','course_falcon');

INSERT OR REPLACE INTO courses (id, name, city, state, latitude, longitude, created_at) VALUES ('course_api_10516','Prairie Highlands Golf Course','Olathe','KS',38.861732,-94.88574,'2026-06-09T00:00:00.000Z');
INSERT OR REPLACE INTO tees (id, course_id, name, gender, course_rating, slope_rating, par, front_course_rating, front_slope_rating, front_par, back_course_rating, back_slope_rating, back_par) VALUES ('tee_api_10516_black','course_api_10516','Black','M',74.4,139,72,37.7,140,36,36.7,137,36);
INSERT OR REPLACE INTO holes (id, tee_id, hole_number, par, stroke_index) VALUES ('h_api_10516_black_01','tee_api_10516_black',1,4,11);
INSERT OR REPLACE INTO holes (id, tee_id, hole_number, par, stroke_index) VALUES ('h_api_10516_black_02','tee_api_10516_black',2,4,13);
INSERT OR REPLACE INTO holes (id, tee_id, hole_number, par, stroke_index) VALUES ('h_api_10516_black_03','tee_api_10516_black',3,4,15);
INSERT OR REPLACE INTO holes (id, tee_id, hole_number, par, stroke_index) VALUES ('h_api_10516_black_04','tee_api_10516_black',4,5,3);
INSERT OR REPLACE INTO holes (id, tee_id, hole_number, par, stroke_index) VALUES ('h_api_10516_black_05','tee_api_10516_black',5,3,9);
INSERT OR REPLACE INTO holes (id, tee_id, hole_number, par, stroke_index) VALUES ('h_api_10516_black_06','tee_api_10516_black',6,4,7);
INSERT OR REPLACE INTO holes (id, tee_id, hole_number, par, stroke_index) VALUES ('h_api_10516_black_07','tee_api_10516_black',7,4,1);
INSERT OR REPLACE INTO holes (id, tee_id, hole_number, par, stroke_index) VALUES ('h_api_10516_black_08','tee_api_10516_black',8,3,17);
INSERT OR REPLACE INTO holes (id, tee_id, hole_number, par, stroke_index) VALUES ('h_api_10516_black_09','tee_api_10516_black',9,5,5);
INSERT OR REPLACE INTO holes (id, tee_id, hole_number, par, stroke_index) VALUES ('h_api_10516_black_10','tee_api_10516_black',10,4,10);
INSERT OR REPLACE INTO holes (id, tee_id, hole_number, par, stroke_index) VALUES ('h_api_10516_black_11','tee_api_10516_black',11,4,8);
INSERT OR REPLACE INTO holes (id, tee_id, hole_number, par, stroke_index) VALUES ('h_api_10516_black_12','tee_api_10516_black',12,5,6);
INSERT OR REPLACE INTO holes (id, tee_id, hole_number, par, stroke_index) VALUES ('h_api_10516_black_13','tee_api_10516_black',13,4,12);
INSERT OR REPLACE INTO holes (id, tee_id, hole_number, par, stroke_index) VALUES ('h_api_10516_black_14','tee_api_10516_black',14,3,14);
INSERT OR REPLACE INTO holes (id, tee_id, hole_number, par, stroke_index) VALUES ('h_api_10516_black_15','tee_api_10516_black',15,5,4);
INSERT OR REPLACE INTO holes (id, tee_id, hole_number, par, stroke_index) VALUES ('h_api_10516_black_16','tee_api_10516_black',16,3,16);
INSERT OR REPLACE INTO holes (id, tee_id, hole_number, par, stroke_index) VALUES ('h_api_10516_black_17','tee_api_10516_black',17,4,18);
INSERT OR REPLACE INTO holes (id, tee_id, hole_number, par, stroke_index) VALUES ('h_api_10516_black_18','tee_api_10516_black',18,4,2);
INSERT OR REPLACE INTO tees (id, course_id, name, gender, course_rating, slope_rating, par, front_course_rating, front_slope_rating, front_par, back_course_rating, back_slope_rating, back_par) VALUES ('tee_api_10516_blackblue','course_api_10516','Black/Blue','M',73.7,137,72,37.4,140,36,36.3,133,36);
INSERT OR REPLACE INTO holes (id, tee_id, hole_number, par, stroke_index) VALUES ('h_api_10516_blackblue_01','tee_api_10516_blackblue',1,4,11);
INSERT OR REPLACE INTO holes (id, tee_id, hole_number, par, stroke_index) VALUES ('h_api_10516_blackblue_02','tee_api_10516_blackblue',2,4,13);
INSERT OR REPLACE INTO holes (id, tee_id, hole_number, par, stroke_index) VALUES ('h_api_10516_blackblue_03','tee_api_10516_blackblue',3,4,15);
INSERT OR REPLACE INTO holes (id, tee_id, hole_number, par, stroke_index) VALUES ('h_api_10516_blackblue_04','tee_api_10516_blackblue',4,5,3);
INSERT OR REPLACE INTO holes (id, tee_id, hole_number, par, stroke_index) VALUES ('h_api_10516_blackblue_05','tee_api_10516_blackblue',5,3,9);
INSERT OR REPLACE INTO holes (id, tee_id, hole_number, par, stroke_index) VALUES ('h_api_10516_blackblue_06','tee_api_10516_blackblue',6,4,7);
INSERT OR REPLACE INTO holes (id, tee_id, hole_number, par, stroke_index) VALUES ('h_api_10516_blackblue_07','tee_api_10516_blackblue',7,4,1);
INSERT OR REPLACE INTO holes (id, tee_id, hole_number, par, stroke_index) VALUES ('h_api_10516_blackblue_08','tee_api_10516_blackblue',8,3,17);
INSERT OR REPLACE INTO holes (id, tee_id, hole_number, par, stroke_index) VALUES ('h_api_10516_blackblue_09','tee_api_10516_blackblue',9,5,5);
INSERT OR REPLACE INTO holes (id, tee_id, hole_number, par, stroke_index) VALUES ('h_api_10516_blackblue_10','tee_api_10516_blackblue',10,4,10);
INSERT OR REPLACE INTO holes (id, tee_id, hole_number, par, stroke_index) VALUES ('h_api_10516_blackblue_11','tee_api_10516_blackblue',11,4,8);
INSERT OR REPLACE INTO holes (id, tee_id, hole_number, par, stroke_index) VALUES ('h_api_10516_blackblue_12','tee_api_10516_blackblue',12,5,6);
INSERT OR REPLACE INTO holes (id, tee_id, hole_number, par, stroke_index) VALUES ('h_api_10516_blackblue_13','tee_api_10516_blackblue',13,4,12);
INSERT OR REPLACE INTO holes (id, tee_id, hole_number, par, stroke_index) VALUES ('h_api_10516_blackblue_14','tee_api_10516_blackblue',14,3,14);
INSERT OR REPLACE INTO holes (id, tee_id, hole_number, par, stroke_index) VALUES ('h_api_10516_blackblue_15','tee_api_10516_blackblue',15,5,4);
INSERT OR REPLACE INTO holes (id, tee_id, hole_number, par, stroke_index) VALUES ('h_api_10516_blackblue_16','tee_api_10516_blackblue',16,3,16);
INSERT OR REPLACE INTO holes (id, tee_id, hole_number, par, stroke_index) VALUES ('h_api_10516_blackblue_17','tee_api_10516_blackblue',17,4,18);
INSERT OR REPLACE INTO holes (id, tee_id, hole_number, par, stroke_index) VALUES ('h_api_10516_blackblue_18','tee_api_10516_blackblue',18,4,2);
INSERT OR REPLACE INTO tees (id, course_id, name, gender, course_rating, slope_rating, par, front_course_rating, front_slope_rating, front_par, back_course_rating, back_slope_rating, back_par) VALUES ('tee_api_10516_blue','course_api_10516','Blue','M',71.9,135,72,36.4,138,36,35.5,132,36);
INSERT OR REPLACE INTO holes (id, tee_id, hole_number, par, stroke_index) VALUES ('h_api_10516_blue_01','tee_api_10516_blue',1,4,11);
INSERT OR REPLACE INTO holes (id, tee_id, hole_number, par, stroke_index) VALUES ('h_api_10516_blue_02','tee_api_10516_blue',2,4,13);
INSERT OR REPLACE INTO holes (id, tee_id, hole_number, par, stroke_index) VALUES ('h_api_10516_blue_03','tee_api_10516_blue',3,4,15);
INSERT OR REPLACE INTO holes (id, tee_id, hole_number, par, stroke_index) VALUES ('h_api_10516_blue_04','tee_api_10516_blue',4,5,3);
INSERT OR REPLACE INTO holes (id, tee_id, hole_number, par, stroke_index) VALUES ('h_api_10516_blue_05','tee_api_10516_blue',5,3,9);
INSERT OR REPLACE INTO holes (id, tee_id, hole_number, par, stroke_index) VALUES ('h_api_10516_blue_06','tee_api_10516_blue',6,4,7);
INSERT OR REPLACE INTO holes (id, tee_id, hole_number, par, stroke_index) VALUES ('h_api_10516_blue_07','tee_api_10516_blue',7,4,1);
INSERT OR REPLACE INTO holes (id, tee_id, hole_number, par, stroke_index) VALUES ('h_api_10516_blue_08','tee_api_10516_blue',8,3,17);
INSERT OR REPLACE INTO holes (id, tee_id, hole_number, par, stroke_index) VALUES ('h_api_10516_blue_09','tee_api_10516_blue',9,5,5);
INSERT OR REPLACE INTO holes (id, tee_id, hole_number, par, stroke_index) VALUES ('h_api_10516_blue_10','tee_api_10516_blue',10,4,10);
INSERT OR REPLACE INTO holes (id, tee_id, hole_number, par, stroke_index) VALUES ('h_api_10516_blue_11','tee_api_10516_blue',11,4,8);
INSERT OR REPLACE INTO holes (id, tee_id, hole_number, par, stroke_index) VALUES ('h_api_10516_blue_12','tee_api_10516_blue',12,5,6);
INSERT OR REPLACE INTO holes (id, tee_id, hole_number, par, stroke_index) VALUES ('h_api_10516_blue_13','tee_api_10516_blue',13,4,12);
INSERT OR REPLACE INTO holes (id, tee_id, hole_number, par, stroke_index) VALUES ('h_api_10516_blue_14','tee_api_10516_blue',14,3,14);
INSERT OR REPLACE INTO holes (id, tee_id, hole_number, par, stroke_index) VALUES ('h_api_10516_blue_15','tee_api_10516_blue',15,5,4);
INSERT OR REPLACE INTO holes (id, tee_id, hole_number, par, stroke_index) VALUES ('h_api_10516_blue_16','tee_api_10516_blue',16,3,16);
INSERT OR REPLACE INTO holes (id, tee_id, hole_number, par, stroke_index) VALUES ('h_api_10516_blue_17','tee_api_10516_blue',17,4,18);
INSERT OR REPLACE INTO holes (id, tee_id, hole_number, par, stroke_index) VALUES ('h_api_10516_blue_18','tee_api_10516_blue',18,4,2);
INSERT OR REPLACE INTO tees (id, course_id, name, gender, course_rating, slope_rating, par, front_course_rating, front_slope_rating, front_par, back_course_rating, back_slope_rating, back_par) VALUES ('tee_api_10516_bluewhite','course_api_10516','Blue/White','M',70.1,132,72,35.4,133,36,34.7,130,36);
INSERT OR REPLACE INTO holes (id, tee_id, hole_number, par, stroke_index) VALUES ('h_api_10516_bluewhite_01','tee_api_10516_bluewhite',1,4,11);
INSERT OR REPLACE INTO holes (id, tee_id, hole_number, par, stroke_index) VALUES ('h_api_10516_bluewhite_02','tee_api_10516_bluewhite',2,4,13);
INSERT OR REPLACE INTO holes (id, tee_id, hole_number, par, stroke_index) VALUES ('h_api_10516_bluewhite_03','tee_api_10516_bluewhite',3,4,15);
INSERT OR REPLACE INTO holes (id, tee_id, hole_number, par, stroke_index) VALUES ('h_api_10516_bluewhite_04','tee_api_10516_bluewhite',4,5,3);
INSERT OR REPLACE INTO holes (id, tee_id, hole_number, par, stroke_index) VALUES ('h_api_10516_bluewhite_05','tee_api_10516_bluewhite',5,3,9);
INSERT OR REPLACE INTO holes (id, tee_id, hole_number, par, stroke_index) VALUES ('h_api_10516_bluewhite_06','tee_api_10516_bluewhite',6,4,7);
INSERT OR REPLACE INTO holes (id, tee_id, hole_number, par, stroke_index) VALUES ('h_api_10516_bluewhite_07','tee_api_10516_bluewhite',7,4,1);
INSERT OR REPLACE INTO holes (id, tee_id, hole_number, par, stroke_index) VALUES ('h_api_10516_bluewhite_08','tee_api_10516_bluewhite',8,3,17);
INSERT OR REPLACE INTO holes (id, tee_id, hole_number, par, stroke_index) VALUES ('h_api_10516_bluewhite_09','tee_api_10516_bluewhite',9,5,5);
INSERT OR REPLACE INTO holes (id, tee_id, hole_number, par, stroke_index) VALUES ('h_api_10516_bluewhite_10','tee_api_10516_bluewhite',10,4,10);
INSERT OR REPLACE INTO holes (id, tee_id, hole_number, par, stroke_index) VALUES ('h_api_10516_bluewhite_11','tee_api_10516_bluewhite',11,4,8);
INSERT OR REPLACE INTO holes (id, tee_id, hole_number, par, stroke_index) VALUES ('h_api_10516_bluewhite_12','tee_api_10516_bluewhite',12,5,6);
INSERT OR REPLACE INTO holes (id, tee_id, hole_number, par, stroke_index) VALUES ('h_api_10516_bluewhite_13','tee_api_10516_bluewhite',13,4,12);
INSERT OR REPLACE INTO holes (id, tee_id, hole_number, par, stroke_index) VALUES ('h_api_10516_bluewhite_14','tee_api_10516_bluewhite',14,3,14);
INSERT OR REPLACE INTO holes (id, tee_id, hole_number, par, stroke_index) VALUES ('h_api_10516_bluewhite_15','tee_api_10516_bluewhite',15,5,4);
INSERT OR REPLACE INTO holes (id, tee_id, hole_number, par, stroke_index) VALUES ('h_api_10516_bluewhite_16','tee_api_10516_bluewhite',16,3,16);
INSERT OR REPLACE INTO holes (id, tee_id, hole_number, par, stroke_index) VALUES ('h_api_10516_bluewhite_17','tee_api_10516_bluewhite',17,4,18);
INSERT OR REPLACE INTO holes (id, tee_id, hole_number, par, stroke_index) VALUES ('h_api_10516_bluewhite_18','tee_api_10516_bluewhite',18,4,2);
INSERT OR REPLACE INTO tees (id, course_id, name, gender, course_rating, slope_rating, par, front_course_rating, front_slope_rating, front_par, back_course_rating, back_slope_rating, back_par) VALUES ('tee_api_10516_white','course_api_10516','White','M',68.9,124,72,34.9,129,36,34,118,36);
INSERT OR REPLACE INTO holes (id, tee_id, hole_number, par, stroke_index) VALUES ('h_api_10516_white_01','tee_api_10516_white',1,4,11);
INSERT OR REPLACE INTO holes (id, tee_id, hole_number, par, stroke_index) VALUES ('h_api_10516_white_02','tee_api_10516_white',2,4,13);
INSERT OR REPLACE INTO holes (id, tee_id, hole_number, par, stroke_index) VALUES ('h_api_10516_white_03','tee_api_10516_white',3,4,15);
INSERT OR REPLACE INTO holes (id, tee_id, hole_number, par, stroke_index) VALUES ('h_api_10516_white_04','tee_api_10516_white',4,5,3);
INSERT OR REPLACE INTO holes (id, tee_id, hole_number, par, stroke_index) VALUES ('h_api_10516_white_05','tee_api_10516_white',5,3,9);
INSERT OR REPLACE INTO holes (id, tee_id, hole_number, par, stroke_index) VALUES ('h_api_10516_white_06','tee_api_10516_white',6,4,7);
INSERT OR REPLACE INTO holes (id, tee_id, hole_number, par, stroke_index) VALUES ('h_api_10516_white_07','tee_api_10516_white',7,4,1);
INSERT OR REPLACE INTO holes (id, tee_id, hole_number, par, stroke_index) VALUES ('h_api_10516_white_08','tee_api_10516_white',8,3,17);
INSERT OR REPLACE INTO holes (id, tee_id, hole_number, par, stroke_index) VALUES ('h_api_10516_white_09','tee_api_10516_white',9,5,5);
INSERT OR REPLACE INTO holes (id, tee_id, hole_number, par, stroke_index) VALUES ('h_api_10516_white_10','tee_api_10516_white',10,4,10);
INSERT OR REPLACE INTO holes (id, tee_id, hole_number, par, stroke_index) VALUES ('h_api_10516_white_11','tee_api_10516_white',11,4,8);
INSERT OR REPLACE INTO holes (id, tee_id, hole_number, par, stroke_index) VALUES ('h_api_10516_white_12','tee_api_10516_white',12,5,6);
INSERT OR REPLACE INTO holes (id, tee_id, hole_number, par, stroke_index) VALUES ('h_api_10516_white_13','tee_api_10516_white',13,4,12);
INSERT OR REPLACE INTO holes (id, tee_id, hole_number, par, stroke_index) VALUES ('h_api_10516_white_14','tee_api_10516_white',14,3,14);
INSERT OR REPLACE INTO holes (id, tee_id, hole_number, par, stroke_index) VALUES ('h_api_10516_white_15','tee_api_10516_white',15,5,4);
INSERT OR REPLACE INTO holes (id, tee_id, hole_number, par, stroke_index) VALUES ('h_api_10516_white_16','tee_api_10516_white',16,3,16);
INSERT OR REPLACE INTO holes (id, tee_id, hole_number, par, stroke_index) VALUES ('h_api_10516_white_17','tee_api_10516_white',17,4,18);
INSERT OR REPLACE INTO holes (id, tee_id, hole_number, par, stroke_index) VALUES ('h_api_10516_white_18','tee_api_10516_white',18,4,2);
INSERT OR REPLACE INTO tees (id, course_id, name, gender, course_rating, slope_rating, par, front_course_rating, front_slope_rating, front_par, back_course_rating, back_slope_rating, back_par) VALUES ('tee_api_10516_whitered','course_api_10516','White/Red','M',67,119,72,34,123,36,33,114,36);
INSERT OR REPLACE INTO holes (id, tee_id, hole_number, par, stroke_index) VALUES ('h_api_10516_whitered_01','tee_api_10516_whitered',1,4,11);
INSERT OR REPLACE INTO holes (id, tee_id, hole_number, par, stroke_index) VALUES ('h_api_10516_whitered_02','tee_api_10516_whitered',2,4,13);
INSERT OR REPLACE INTO holes (id, tee_id, hole_number, par, stroke_index) VALUES ('h_api_10516_whitered_03','tee_api_10516_whitered',3,4,15);
INSERT OR REPLACE INTO holes (id, tee_id, hole_number, par, stroke_index) VALUES ('h_api_10516_whitered_04','tee_api_10516_whitered',4,5,3);
INSERT OR REPLACE INTO holes (id, tee_id, hole_number, par, stroke_index) VALUES ('h_api_10516_whitered_05','tee_api_10516_whitered',5,3,9);
INSERT OR REPLACE INTO holes (id, tee_id, hole_number, par, stroke_index) VALUES ('h_api_10516_whitered_06','tee_api_10516_whitered',6,4,7);
INSERT OR REPLACE INTO holes (id, tee_id, hole_number, par, stroke_index) VALUES ('h_api_10516_whitered_07','tee_api_10516_whitered',7,4,1);
INSERT OR REPLACE INTO holes (id, tee_id, hole_number, par, stroke_index) VALUES ('h_api_10516_whitered_08','tee_api_10516_whitered',8,3,17);
INSERT OR REPLACE INTO holes (id, tee_id, hole_number, par, stroke_index) VALUES ('h_api_10516_whitered_09','tee_api_10516_whitered',9,5,5);
INSERT OR REPLACE INTO holes (id, tee_id, hole_number, par, stroke_index) VALUES ('h_api_10516_whitered_10','tee_api_10516_whitered',10,4,10);
INSERT OR REPLACE INTO holes (id, tee_id, hole_number, par, stroke_index) VALUES ('h_api_10516_whitered_11','tee_api_10516_whitered',11,4,8);
INSERT OR REPLACE INTO holes (id, tee_id, hole_number, par, stroke_index) VALUES ('h_api_10516_whitered_12','tee_api_10516_whitered',12,5,6);
INSERT OR REPLACE INTO holes (id, tee_id, hole_number, par, stroke_index) VALUES ('h_api_10516_whitered_13','tee_api_10516_whitered',13,4,12);
INSERT OR REPLACE INTO holes (id, tee_id, hole_number, par, stroke_index) VALUES ('h_api_10516_whitered_14','tee_api_10516_whitered',14,3,14);
INSERT OR REPLACE INTO holes (id, tee_id, hole_number, par, stroke_index) VALUES ('h_api_10516_whitered_15','tee_api_10516_whitered',15,5,4);
INSERT OR REPLACE INTO holes (id, tee_id, hole_number, par, stroke_index) VALUES ('h_api_10516_whitered_16','tee_api_10516_whitered',16,3,16);
INSERT OR REPLACE INTO holes (id, tee_id, hole_number, par, stroke_index) VALUES ('h_api_10516_whitered_17','tee_api_10516_whitered',17,4,18);
INSERT OR REPLACE INTO holes (id, tee_id, hole_number, par, stroke_index) VALUES ('h_api_10516_whitered_18','tee_api_10516_whitered',18,4,2);
INSERT OR REPLACE INTO tees (id, course_id, name, gender, course_rating, slope_rating, par, front_course_rating, front_slope_rating, front_par, back_course_rating, back_slope_rating, back_par) VALUES ('tee_api_10516_red','course_api_10516','Red','M',65.7,113,72,33.5,115,36,32.2,110,36);
INSERT OR REPLACE INTO holes (id, tee_id, hole_number, par, stroke_index) VALUES ('h_api_10516_red_01','tee_api_10516_red',1,4,11);
INSERT OR REPLACE INTO holes (id, tee_id, hole_number, par, stroke_index) VALUES ('h_api_10516_red_02','tee_api_10516_red',2,4,13);
INSERT OR REPLACE INTO holes (id, tee_id, hole_number, par, stroke_index) VALUES ('h_api_10516_red_03','tee_api_10516_red',3,4,15);
INSERT OR REPLACE INTO holes (id, tee_id, hole_number, par, stroke_index) VALUES ('h_api_10516_red_04','tee_api_10516_red',4,5,3);
INSERT OR REPLACE INTO holes (id, tee_id, hole_number, par, stroke_index) VALUES ('h_api_10516_red_05','tee_api_10516_red',5,3,9);
INSERT OR REPLACE INTO holes (id, tee_id, hole_number, par, stroke_index) VALUES ('h_api_10516_red_06','tee_api_10516_red',6,4,7);
INSERT OR REPLACE INTO holes (id, tee_id, hole_number, par, stroke_index) VALUES ('h_api_10516_red_07','tee_api_10516_red',7,4,1);
INSERT OR REPLACE INTO holes (id, tee_id, hole_number, par, stroke_index) VALUES ('h_api_10516_red_08','tee_api_10516_red',8,3,17);
INSERT OR REPLACE INTO holes (id, tee_id, hole_number, par, stroke_index) VALUES ('h_api_10516_red_09','tee_api_10516_red',9,5,5);
INSERT OR REPLACE INTO holes (id, tee_id, hole_number, par, stroke_index) VALUES ('h_api_10516_red_10','tee_api_10516_red',10,4,10);
INSERT OR REPLACE INTO holes (id, tee_id, hole_number, par, stroke_index) VALUES ('h_api_10516_red_11','tee_api_10516_red',11,4,8);
INSERT OR REPLACE INTO holes (id, tee_id, hole_number, par, stroke_index) VALUES ('h_api_10516_red_12','tee_api_10516_red',12,5,6);
INSERT OR REPLACE INTO holes (id, tee_id, hole_number, par, stroke_index) VALUES ('h_api_10516_red_13','tee_api_10516_red',13,4,12);
INSERT OR REPLACE INTO holes (id, tee_id, hole_number, par, stroke_index) VALUES ('h_api_10516_red_14','tee_api_10516_red',14,3,14);
INSERT OR REPLACE INTO holes (id, tee_id, hole_number, par, stroke_index) VALUES ('h_api_10516_red_15','tee_api_10516_red',15,5,4);
INSERT OR REPLACE INTO holes (id, tee_id, hole_number, par, stroke_index) VALUES ('h_api_10516_red_16','tee_api_10516_red',16,3,16);
INSERT OR REPLACE INTO holes (id, tee_id, hole_number, par, stroke_index) VALUES ('h_api_10516_red_17','tee_api_10516_red',17,4,18);
INSERT OR REPLACE INTO holes (id, tee_id, hole_number, par, stroke_index) VALUES ('h_api_10516_red_18','tee_api_10516_red',18,4,2);
INSERT OR REPLACE INTO tees (id, course_id, name, gender, course_rating, slope_rating, par, front_course_rating, front_slope_rating, front_par, back_course_rating, back_slope_rating, back_par) VALUES ('tee_api_10516_yellow','course_api_10516','Yellow','M',61.4,105,72,31,108,36,30.4,102,36);
INSERT OR REPLACE INTO holes (id, tee_id, hole_number, par, stroke_index) VALUES ('h_api_10516_yellow_01','tee_api_10516_yellow',1,4,11);
INSERT OR REPLACE INTO holes (id, tee_id, hole_number, par, stroke_index) VALUES ('h_api_10516_yellow_02','tee_api_10516_yellow',2,4,13);
INSERT OR REPLACE INTO holes (id, tee_id, hole_number, par, stroke_index) VALUES ('h_api_10516_yellow_03','tee_api_10516_yellow',3,4,15);
INSERT OR REPLACE INTO holes (id, tee_id, hole_number, par, stroke_index) VALUES ('h_api_10516_yellow_04','tee_api_10516_yellow',4,5,3);
INSERT OR REPLACE INTO holes (id, tee_id, hole_number, par, stroke_index) VALUES ('h_api_10516_yellow_05','tee_api_10516_yellow',5,3,9);
INSERT OR REPLACE INTO holes (id, tee_id, hole_number, par, stroke_index) VALUES ('h_api_10516_yellow_06','tee_api_10516_yellow',6,4,7);
INSERT OR REPLACE INTO holes (id, tee_id, hole_number, par, stroke_index) VALUES ('h_api_10516_yellow_07','tee_api_10516_yellow',7,4,1);
INSERT OR REPLACE INTO holes (id, tee_id, hole_number, par, stroke_index) VALUES ('h_api_10516_yellow_08','tee_api_10516_yellow',8,3,17);
INSERT OR REPLACE INTO holes (id, tee_id, hole_number, par, stroke_index) VALUES ('h_api_10516_yellow_09','tee_api_10516_yellow',9,5,5);
INSERT OR REPLACE INTO holes (id, tee_id, hole_number, par, stroke_index) VALUES ('h_api_10516_yellow_10','tee_api_10516_yellow',10,4,10);
INSERT OR REPLACE INTO holes (id, tee_id, hole_number, par, stroke_index) VALUES ('h_api_10516_yellow_11','tee_api_10516_yellow',11,4,8);
INSERT OR REPLACE INTO holes (id, tee_id, hole_number, par, stroke_index) VALUES ('h_api_10516_yellow_12','tee_api_10516_yellow',12,5,6);
INSERT OR REPLACE INTO holes (id, tee_id, hole_number, par, stroke_index) VALUES ('h_api_10516_yellow_13','tee_api_10516_yellow',13,4,12);
INSERT OR REPLACE INTO holes (id, tee_id, hole_number, par, stroke_index) VALUES ('h_api_10516_yellow_14','tee_api_10516_yellow',14,3,14);
INSERT OR REPLACE INTO holes (id, tee_id, hole_number, par, stroke_index) VALUES ('h_api_10516_yellow_15','tee_api_10516_yellow',15,5,4);
INSERT OR REPLACE INTO holes (id, tee_id, hole_number, par, stroke_index) VALUES ('h_api_10516_yellow_16','tee_api_10516_yellow',16,3,16);
INSERT OR REPLACE INTO holes (id, tee_id, hole_number, par, stroke_index) VALUES ('h_api_10516_yellow_17','tee_api_10516_yellow',17,4,18);
INSERT OR REPLACE INTO holes (id, tee_id, hole_number, par, stroke_index) VALUES ('h_api_10516_yellow_18','tee_api_10516_yellow',18,4,2);

INSERT OR REPLACE INTO courses (id, name, city, state, latitude, longitude, created_at) VALUES ('course_api_17985','Ironhorse Golf Club','Leawood','KS',38.84995,-94.63416,'2026-06-09T00:00:00.000Z');
INSERT OR REPLACE INTO tees (id, course_id, name, gender, course_rating, slope_rating, par, front_course_rating, front_slope_rating, front_par, back_course_rating, back_slope_rating, back_par) VALUES ('tee_api_17985_black','course_api_17985','Black','M',73.5,144,72,36.9,136,36,36.6,152,36);
INSERT OR REPLACE INTO holes (id, tee_id, hole_number, par, stroke_index) VALUES ('h_api_17985_black_01','tee_api_17985_black',1,4,9);
INSERT OR REPLACE INTO holes (id, tee_id, hole_number, par, stroke_index) VALUES ('h_api_17985_black_02','tee_api_17985_black',2,3,7);
INSERT OR REPLACE INTO holes (id, tee_id, hole_number, par, stroke_index) VALUES ('h_api_17985_black_03','tee_api_17985_black',3,4,1);
INSERT OR REPLACE INTO holes (id, tee_id, hole_number, par, stroke_index) VALUES ('h_api_17985_black_04','tee_api_17985_black',4,5,17);
INSERT OR REPLACE INTO holes (id, tee_id, hole_number, par, stroke_index) VALUES ('h_api_17985_black_05','tee_api_17985_black',5,3,13);
INSERT OR REPLACE INTO holes (id, tee_id, hole_number, par, stroke_index) VALUES ('h_api_17985_black_06','tee_api_17985_black',6,4,5);
INSERT OR REPLACE INTO holes (id, tee_id, hole_number, par, stroke_index) VALUES ('h_api_17985_black_07','tee_api_17985_black',7,4,15);
INSERT OR REPLACE INTO holes (id, tee_id, hole_number, par, stroke_index) VALUES ('h_api_17985_black_08','tee_api_17985_black',8,4,3);
INSERT OR REPLACE INTO holes (id, tee_id, hole_number, par, stroke_index) VALUES ('h_api_17985_black_09','tee_api_17985_black',9,5,11);
INSERT OR REPLACE INTO holes (id, tee_id, hole_number, par, stroke_index) VALUES ('h_api_17985_black_10','tee_api_17985_black',10,5,14);
INSERT OR REPLACE INTO holes (id, tee_id, hole_number, par, stroke_index) VALUES ('h_api_17985_black_11','tee_api_17985_black',11,4,6);
INSERT OR REPLACE INTO holes (id, tee_id, hole_number, par, stroke_index) VALUES ('h_api_17985_black_12','tee_api_17985_black',12,3,16);
INSERT OR REPLACE INTO holes (id, tee_id, hole_number, par, stroke_index) VALUES ('h_api_17985_black_13','tee_api_17985_black',13,4,8);
INSERT OR REPLACE INTO holes (id, tee_id, hole_number, par, stroke_index) VALUES ('h_api_17985_black_14','tee_api_17985_black',14,5,18);
INSERT OR REPLACE INTO holes (id, tee_id, hole_number, par, stroke_index) VALUES ('h_api_17985_black_15','tee_api_17985_black',15,4,12);
INSERT OR REPLACE INTO holes (id, tee_id, hole_number, par, stroke_index) VALUES ('h_api_17985_black_16','tee_api_17985_black',16,4,2);
INSERT OR REPLACE INTO holes (id, tee_id, hole_number, par, stroke_index) VALUES ('h_api_17985_black_17','tee_api_17985_black',17,3,10);
INSERT OR REPLACE INTO holes (id, tee_id, hole_number, par, stroke_index) VALUES ('h_api_17985_black_18','tee_api_17985_black',18,4,4);
INSERT OR REPLACE INTO tees (id, course_id, name, gender, course_rating, slope_rating, par, front_course_rating, front_slope_rating, front_par, back_course_rating, back_slope_rating, back_par) VALUES ('tee_api_17985_blackbluecombo','course_api_17985','Black/Blue Combo','M',72,144,72,36.2,142,36,35.8,146,36);
INSERT OR REPLACE INTO holes (id, tee_id, hole_number, par, stroke_index) VALUES ('h_api_17985_blackbluecombo_01','tee_api_17985_blackbluecombo',1,4,9);
INSERT OR REPLACE INTO holes (id, tee_id, hole_number, par, stroke_index) VALUES ('h_api_17985_blackbluecombo_02','tee_api_17985_blackbluecombo',2,3,7);
INSERT OR REPLACE INTO holes (id, tee_id, hole_number, par, stroke_index) VALUES ('h_api_17985_blackbluecombo_03','tee_api_17985_blackbluecombo',3,4,1);
INSERT OR REPLACE INTO holes (id, tee_id, hole_number, par, stroke_index) VALUES ('h_api_17985_blackbluecombo_04','tee_api_17985_blackbluecombo',4,5,17);
INSERT OR REPLACE INTO holes (id, tee_id, hole_number, par, stroke_index) VALUES ('h_api_17985_blackbluecombo_05','tee_api_17985_blackbluecombo',5,3,13);
INSERT OR REPLACE INTO holes (id, tee_id, hole_number, par, stroke_index) VALUES ('h_api_17985_blackbluecombo_06','tee_api_17985_blackbluecombo',6,4,5);
INSERT OR REPLACE INTO holes (id, tee_id, hole_number, par, stroke_index) VALUES ('h_api_17985_blackbluecombo_07','tee_api_17985_blackbluecombo',7,4,15);
INSERT OR REPLACE INTO holes (id, tee_id, hole_number, par, stroke_index) VALUES ('h_api_17985_blackbluecombo_08','tee_api_17985_blackbluecombo',8,4,3);
INSERT OR REPLACE INTO holes (id, tee_id, hole_number, par, stroke_index) VALUES ('h_api_17985_blackbluecombo_09','tee_api_17985_blackbluecombo',9,5,11);
INSERT OR REPLACE INTO holes (id, tee_id, hole_number, par, stroke_index) VALUES ('h_api_17985_blackbluecombo_10','tee_api_17985_blackbluecombo',10,5,14);
INSERT OR REPLACE INTO holes (id, tee_id, hole_number, par, stroke_index) VALUES ('h_api_17985_blackbluecombo_11','tee_api_17985_blackbluecombo',11,4,6);
INSERT OR REPLACE INTO holes (id, tee_id, hole_number, par, stroke_index) VALUES ('h_api_17985_blackbluecombo_12','tee_api_17985_blackbluecombo',12,3,16);
INSERT OR REPLACE INTO holes (id, tee_id, hole_number, par, stroke_index) VALUES ('h_api_17985_blackbluecombo_13','tee_api_17985_blackbluecombo',13,4,8);
INSERT OR REPLACE INTO holes (id, tee_id, hole_number, par, stroke_index) VALUES ('h_api_17985_blackbluecombo_14','tee_api_17985_blackbluecombo',14,5,18);
INSERT OR REPLACE INTO holes (id, tee_id, hole_number, par, stroke_index) VALUES ('h_api_17985_blackbluecombo_15','tee_api_17985_blackbluecombo',15,4,12);
INSERT OR REPLACE INTO holes (id, tee_id, hole_number, par, stroke_index) VALUES ('h_api_17985_blackbluecombo_16','tee_api_17985_blackbluecombo',16,4,2);
INSERT OR REPLACE INTO holes (id, tee_id, hole_number, par, stroke_index) VALUES ('h_api_17985_blackbluecombo_17','tee_api_17985_blackbluecombo',17,3,10);
INSERT OR REPLACE INTO holes (id, tee_id, hole_number, par, stroke_index) VALUES ('h_api_17985_blackbluecombo_18','tee_api_17985_blackbluecombo',18,4,4);
INSERT OR REPLACE INTO tees (id, course_id, name, gender, course_rating, slope_rating, par, front_course_rating, front_slope_rating, front_par, back_course_rating, back_slope_rating, back_par) VALUES ('tee_api_17985_blue','course_api_17985','Blue','M',70.9,141,72,35.5,140,36,35.4,142,36);
INSERT OR REPLACE INTO holes (id, tee_id, hole_number, par, stroke_index) VALUES ('h_api_17985_blue_01','tee_api_17985_blue',1,4,9);
INSERT OR REPLACE INTO holes (id, tee_id, hole_number, par, stroke_index) VALUES ('h_api_17985_blue_02','tee_api_17985_blue',2,3,7);
INSERT OR REPLACE INTO holes (id, tee_id, hole_number, par, stroke_index) VALUES ('h_api_17985_blue_03','tee_api_17985_blue',3,4,1);
INSERT OR REPLACE INTO holes (id, tee_id, hole_number, par, stroke_index) VALUES ('h_api_17985_blue_04','tee_api_17985_blue',4,5,17);
INSERT OR REPLACE INTO holes (id, tee_id, hole_number, par, stroke_index) VALUES ('h_api_17985_blue_05','tee_api_17985_blue',5,3,13);
INSERT OR REPLACE INTO holes (id, tee_id, hole_number, par, stroke_index) VALUES ('h_api_17985_blue_06','tee_api_17985_blue',6,4,5);
INSERT OR REPLACE INTO holes (id, tee_id, hole_number, par, stroke_index) VALUES ('h_api_17985_blue_07','tee_api_17985_blue',7,4,15);
INSERT OR REPLACE INTO holes (id, tee_id, hole_number, par, stroke_index) VALUES ('h_api_17985_blue_08','tee_api_17985_blue',8,4,3);
INSERT OR REPLACE INTO holes (id, tee_id, hole_number, par, stroke_index) VALUES ('h_api_17985_blue_09','tee_api_17985_blue',9,5,11);
INSERT OR REPLACE INTO holes (id, tee_id, hole_number, par, stroke_index) VALUES ('h_api_17985_blue_10','tee_api_17985_blue',10,5,14);
INSERT OR REPLACE INTO holes (id, tee_id, hole_number, par, stroke_index) VALUES ('h_api_17985_blue_11','tee_api_17985_blue',11,4,6);
INSERT OR REPLACE INTO holes (id, tee_id, hole_number, par, stroke_index) VALUES ('h_api_17985_blue_12','tee_api_17985_blue',12,3,16);
INSERT OR REPLACE INTO holes (id, tee_id, hole_number, par, stroke_index) VALUES ('h_api_17985_blue_13','tee_api_17985_blue',13,4,8);
INSERT OR REPLACE INTO holes (id, tee_id, hole_number, par, stroke_index) VALUES ('h_api_17985_blue_14','tee_api_17985_blue',14,5,18);
INSERT OR REPLACE INTO holes (id, tee_id, hole_number, par, stroke_index) VALUES ('h_api_17985_blue_15','tee_api_17985_blue',15,4,12);
INSERT OR REPLACE INTO holes (id, tee_id, hole_number, par, stroke_index) VALUES ('h_api_17985_blue_16','tee_api_17985_blue',16,4,2);
INSERT OR REPLACE INTO holes (id, tee_id, hole_number, par, stroke_index) VALUES ('h_api_17985_blue_17','tee_api_17985_blue',17,3,10);
INSERT OR REPLACE INTO holes (id, tee_id, hole_number, par, stroke_index) VALUES ('h_api_17985_blue_18','tee_api_17985_blue',18,4,4);
INSERT OR REPLACE INTO tees (id, course_id, name, gender, course_rating, slope_rating, par, front_course_rating, front_slope_rating, front_par, back_course_rating, back_slope_rating, back_par) VALUES ('tee_api_17985_bluewhitecombo','course_api_17985','Blue/White Combo','M',69.8,135,72,34.9,135,36,34.9,135,36);
INSERT OR REPLACE INTO holes (id, tee_id, hole_number, par, stroke_index) VALUES ('h_api_17985_bluewhitecombo_01','tee_api_17985_bluewhitecombo',1,4,9);
INSERT OR REPLACE INTO holes (id, tee_id, hole_number, par, stroke_index) VALUES ('h_api_17985_bluewhitecombo_02','tee_api_17985_bluewhitecombo',2,3,7);
INSERT OR REPLACE INTO holes (id, tee_id, hole_number, par, stroke_index) VALUES ('h_api_17985_bluewhitecombo_03','tee_api_17985_bluewhitecombo',3,4,1);
INSERT OR REPLACE INTO holes (id, tee_id, hole_number, par, stroke_index) VALUES ('h_api_17985_bluewhitecombo_04','tee_api_17985_bluewhitecombo',4,5,17);
INSERT OR REPLACE INTO holes (id, tee_id, hole_number, par, stroke_index) VALUES ('h_api_17985_bluewhitecombo_05','tee_api_17985_bluewhitecombo',5,3,13);
INSERT OR REPLACE INTO holes (id, tee_id, hole_number, par, stroke_index) VALUES ('h_api_17985_bluewhitecombo_06','tee_api_17985_bluewhitecombo',6,4,5);
INSERT OR REPLACE INTO holes (id, tee_id, hole_number, par, stroke_index) VALUES ('h_api_17985_bluewhitecombo_07','tee_api_17985_bluewhitecombo',7,4,15);
INSERT OR REPLACE INTO holes (id, tee_id, hole_number, par, stroke_index) VALUES ('h_api_17985_bluewhitecombo_08','tee_api_17985_bluewhitecombo',8,4,3);
INSERT OR REPLACE INTO holes (id, tee_id, hole_number, par, stroke_index) VALUES ('h_api_17985_bluewhitecombo_09','tee_api_17985_bluewhitecombo',9,5,11);
INSERT OR REPLACE INTO holes (id, tee_id, hole_number, par, stroke_index) VALUES ('h_api_17985_bluewhitecombo_10','tee_api_17985_bluewhitecombo',10,5,14);
INSERT OR REPLACE INTO holes (id, tee_id, hole_number, par, stroke_index) VALUES ('h_api_17985_bluewhitecombo_11','tee_api_17985_bluewhitecombo',11,4,6);
INSERT OR REPLACE INTO holes (id, tee_id, hole_number, par, stroke_index) VALUES ('h_api_17985_bluewhitecombo_12','tee_api_17985_bluewhitecombo',12,3,16);
INSERT OR REPLACE INTO holes (id, tee_id, hole_number, par, stroke_index) VALUES ('h_api_17985_bluewhitecombo_13','tee_api_17985_bluewhitecombo',13,4,8);
INSERT OR REPLACE INTO holes (id, tee_id, hole_number, par, stroke_index) VALUES ('h_api_17985_bluewhitecombo_14','tee_api_17985_bluewhitecombo',14,5,18);
INSERT OR REPLACE INTO holes (id, tee_id, hole_number, par, stroke_index) VALUES ('h_api_17985_bluewhitecombo_15','tee_api_17985_bluewhitecombo',15,4,12);
INSERT OR REPLACE INTO holes (id, tee_id, hole_number, par, stroke_index) VALUES ('h_api_17985_bluewhitecombo_16','tee_api_17985_bluewhitecombo',16,4,2);
INSERT OR REPLACE INTO holes (id, tee_id, hole_number, par, stroke_index) VALUES ('h_api_17985_bluewhitecombo_17','tee_api_17985_bluewhitecombo',17,3,10);
INSERT OR REPLACE INTO holes (id, tee_id, hole_number, par, stroke_index) VALUES ('h_api_17985_bluewhitecombo_18','tee_api_17985_bluewhitecombo',18,4,4);
INSERT OR REPLACE INTO tees (id, course_id, name, gender, course_rating, slope_rating, par, front_course_rating, front_slope_rating, front_par, back_course_rating, back_slope_rating, back_par) VALUES ('tee_api_17985_white','course_api_17985','White','M',68.5,127,72,34.5,128,36,34,126,36);
INSERT OR REPLACE INTO holes (id, tee_id, hole_number, par, stroke_index) VALUES ('h_api_17985_white_01','tee_api_17985_white',1,4,9);
INSERT OR REPLACE INTO holes (id, tee_id, hole_number, par, stroke_index) VALUES ('h_api_17985_white_02','tee_api_17985_white',2,3,7);
INSERT OR REPLACE INTO holes (id, tee_id, hole_number, par, stroke_index) VALUES ('h_api_17985_white_03','tee_api_17985_white',3,4,1);
INSERT OR REPLACE INTO holes (id, tee_id, hole_number, par, stroke_index) VALUES ('h_api_17985_white_04','tee_api_17985_white',4,5,17);
INSERT OR REPLACE INTO holes (id, tee_id, hole_number, par, stroke_index) VALUES ('h_api_17985_white_05','tee_api_17985_white',5,3,13);
INSERT OR REPLACE INTO holes (id, tee_id, hole_number, par, stroke_index) VALUES ('h_api_17985_white_06','tee_api_17985_white',6,4,5);
INSERT OR REPLACE INTO holes (id, tee_id, hole_number, par, stroke_index) VALUES ('h_api_17985_white_07','tee_api_17985_white',7,4,15);
INSERT OR REPLACE INTO holes (id, tee_id, hole_number, par, stroke_index) VALUES ('h_api_17985_white_08','tee_api_17985_white',8,4,3);
INSERT OR REPLACE INTO holes (id, tee_id, hole_number, par, stroke_index) VALUES ('h_api_17985_white_09','tee_api_17985_white',9,5,11);
INSERT OR REPLACE INTO holes (id, tee_id, hole_number, par, stroke_index) VALUES ('h_api_17985_white_10','tee_api_17985_white',10,5,14);
INSERT OR REPLACE INTO holes (id, tee_id, hole_number, par, stroke_index) VALUES ('h_api_17985_white_11','tee_api_17985_white',11,4,6);
INSERT OR REPLACE INTO holes (id, tee_id, hole_number, par, stroke_index) VALUES ('h_api_17985_white_12','tee_api_17985_white',12,3,16);
INSERT OR REPLACE INTO holes (id, tee_id, hole_number, par, stroke_index) VALUES ('h_api_17985_white_13','tee_api_17985_white',13,4,8);
INSERT OR REPLACE INTO holes (id, tee_id, hole_number, par, stroke_index) VALUES ('h_api_17985_white_14','tee_api_17985_white',14,5,18);
INSERT OR REPLACE INTO holes (id, tee_id, hole_number, par, stroke_index) VALUES ('h_api_17985_white_15','tee_api_17985_white',15,4,12);
INSERT OR REPLACE INTO holes (id, tee_id, hole_number, par, stroke_index) VALUES ('h_api_17985_white_16','tee_api_17985_white',16,4,2);
INSERT OR REPLACE INTO holes (id, tee_id, hole_number, par, stroke_index) VALUES ('h_api_17985_white_17','tee_api_17985_white',17,3,10);
INSERT OR REPLACE INTO holes (id, tee_id, hole_number, par, stroke_index) VALUES ('h_api_17985_white_18','tee_api_17985_white',18,4,4);
INSERT OR REPLACE INTO tees (id, course_id, name, gender, course_rating, slope_rating, par, front_course_rating, front_slope_rating, front_par, back_course_rating, back_slope_rating, back_par) VALUES ('tee_api_17985_whitegold','course_api_17985','White/Gold','M',67.4,124,72,33.9,124,36,33.5,124,36);
INSERT OR REPLACE INTO holes (id, tee_id, hole_number, par, stroke_index) VALUES ('h_api_17985_whitegold_01','tee_api_17985_whitegold',1,4,9);
INSERT OR REPLACE INTO holes (id, tee_id, hole_number, par, stroke_index) VALUES ('h_api_17985_whitegold_02','tee_api_17985_whitegold',2,3,7);
INSERT OR REPLACE INTO holes (id, tee_id, hole_number, par, stroke_index) VALUES ('h_api_17985_whitegold_03','tee_api_17985_whitegold',3,4,1);
INSERT OR REPLACE INTO holes (id, tee_id, hole_number, par, stroke_index) VALUES ('h_api_17985_whitegold_04','tee_api_17985_whitegold',4,5,17);
INSERT OR REPLACE INTO holes (id, tee_id, hole_number, par, stroke_index) VALUES ('h_api_17985_whitegold_05','tee_api_17985_whitegold',5,3,13);
INSERT OR REPLACE INTO holes (id, tee_id, hole_number, par, stroke_index) VALUES ('h_api_17985_whitegold_06','tee_api_17985_whitegold',6,4,5);
INSERT OR REPLACE INTO holes (id, tee_id, hole_number, par, stroke_index) VALUES ('h_api_17985_whitegold_07','tee_api_17985_whitegold',7,4,15);
INSERT OR REPLACE INTO holes (id, tee_id, hole_number, par, stroke_index) VALUES ('h_api_17985_whitegold_08','tee_api_17985_whitegold',8,4,3);
INSERT OR REPLACE INTO holes (id, tee_id, hole_number, par, stroke_index) VALUES ('h_api_17985_whitegold_09','tee_api_17985_whitegold',9,5,11);
INSERT OR REPLACE INTO holes (id, tee_id, hole_number, par, stroke_index) VALUES ('h_api_17985_whitegold_10','tee_api_17985_whitegold',10,5,14);
INSERT OR REPLACE INTO holes (id, tee_id, hole_number, par, stroke_index) VALUES ('h_api_17985_whitegold_11','tee_api_17985_whitegold',11,4,6);
INSERT OR REPLACE INTO holes (id, tee_id, hole_number, par, stroke_index) VALUES ('h_api_17985_whitegold_12','tee_api_17985_whitegold',12,3,16);
INSERT OR REPLACE INTO holes (id, tee_id, hole_number, par, stroke_index) VALUES ('h_api_17985_whitegold_13','tee_api_17985_whitegold',13,4,8);
INSERT OR REPLACE INTO holes (id, tee_id, hole_number, par, stroke_index) VALUES ('h_api_17985_whitegold_14','tee_api_17985_whitegold',14,5,18);
INSERT OR REPLACE INTO holes (id, tee_id, hole_number, par, stroke_index) VALUES ('h_api_17985_whitegold_15','tee_api_17985_whitegold',15,4,12);
INSERT OR REPLACE INTO holes (id, tee_id, hole_number, par, stroke_index) VALUES ('h_api_17985_whitegold_16','tee_api_17985_whitegold',16,4,2);
INSERT OR REPLACE INTO holes (id, tee_id, hole_number, par, stroke_index) VALUES ('h_api_17985_whitegold_17','tee_api_17985_whitegold',17,3,10);
INSERT OR REPLACE INTO holes (id, tee_id, hole_number, par, stroke_index) VALUES ('h_api_17985_whitegold_18','tee_api_17985_whitegold',18,4,4);
INSERT OR REPLACE INTO tees (id, course_id, name, gender, course_rating, slope_rating, par, front_course_rating, front_slope_rating, front_par, back_course_rating, back_slope_rating, back_par) VALUES ('tee_api_17985_gold','course_api_17985','Gold','M',65.8,111,72,33,113,36,32.8,109,36);
INSERT OR REPLACE INTO holes (id, tee_id, hole_number, par, stroke_index) VALUES ('h_api_17985_gold_01','tee_api_17985_gold',1,4,9);
INSERT OR REPLACE INTO holes (id, tee_id, hole_number, par, stroke_index) VALUES ('h_api_17985_gold_02','tee_api_17985_gold',2,3,7);
INSERT OR REPLACE INTO holes (id, tee_id, hole_number, par, stroke_index) VALUES ('h_api_17985_gold_03','tee_api_17985_gold',3,4,1);
INSERT OR REPLACE INTO holes (id, tee_id, hole_number, par, stroke_index) VALUES ('h_api_17985_gold_04','tee_api_17985_gold',4,5,17);
INSERT OR REPLACE INTO holes (id, tee_id, hole_number, par, stroke_index) VALUES ('h_api_17985_gold_05','tee_api_17985_gold',5,3,13);
INSERT OR REPLACE INTO holes (id, tee_id, hole_number, par, stroke_index) VALUES ('h_api_17985_gold_06','tee_api_17985_gold',6,4,5);
INSERT OR REPLACE INTO holes (id, tee_id, hole_number, par, stroke_index) VALUES ('h_api_17985_gold_07','tee_api_17985_gold',7,4,15);
INSERT OR REPLACE INTO holes (id, tee_id, hole_number, par, stroke_index) VALUES ('h_api_17985_gold_08','tee_api_17985_gold',8,4,3);
INSERT OR REPLACE INTO holes (id, tee_id, hole_number, par, stroke_index) VALUES ('h_api_17985_gold_09','tee_api_17985_gold',9,5,11);
INSERT OR REPLACE INTO holes (id, tee_id, hole_number, par, stroke_index) VALUES ('h_api_17985_gold_10','tee_api_17985_gold',10,5,14);
INSERT OR REPLACE INTO holes (id, tee_id, hole_number, par, stroke_index) VALUES ('h_api_17985_gold_11','tee_api_17985_gold',11,4,6);
INSERT OR REPLACE INTO holes (id, tee_id, hole_number, par, stroke_index) VALUES ('h_api_17985_gold_12','tee_api_17985_gold',12,3,16);
INSERT OR REPLACE INTO holes (id, tee_id, hole_number, par, stroke_index) VALUES ('h_api_17985_gold_13','tee_api_17985_gold',13,4,8);
INSERT OR REPLACE INTO holes (id, tee_id, hole_number, par, stroke_index) VALUES ('h_api_17985_gold_14','tee_api_17985_gold',14,5,18);
INSERT OR REPLACE INTO holes (id, tee_id, hole_number, par, stroke_index) VALUES ('h_api_17985_gold_15','tee_api_17985_gold',15,4,12);
INSERT OR REPLACE INTO holes (id, tee_id, hole_number, par, stroke_index) VALUES ('h_api_17985_gold_16','tee_api_17985_gold',16,4,2);
INSERT OR REPLACE INTO holes (id, tee_id, hole_number, par, stroke_index) VALUES ('h_api_17985_gold_17','tee_api_17985_gold',17,3,10);
INSERT OR REPLACE INTO holes (id, tee_id, hole_number, par, stroke_index) VALUES ('h_api_17985_gold_18','tee_api_17985_gold',18,4,4);
INSERT OR REPLACE INTO tees (id, course_id, name, gender, course_rating, slope_rating, par, front_course_rating, front_slope_rating, front_par, back_course_rating, back_slope_rating, back_par) VALUES ('tee_api_17985_red','course_api_17985','Red','M',63.5,109,72,31.7,108,36,31.8,110,36);
INSERT OR REPLACE INTO holes (id, tee_id, hole_number, par, stroke_index) VALUES ('h_api_17985_red_01','tee_api_17985_red',1,4,9);
INSERT OR REPLACE INTO holes (id, tee_id, hole_number, par, stroke_index) VALUES ('h_api_17985_red_02','tee_api_17985_red',2,3,7);
INSERT OR REPLACE INTO holes (id, tee_id, hole_number, par, stroke_index) VALUES ('h_api_17985_red_03','tee_api_17985_red',3,4,1);
INSERT OR REPLACE INTO holes (id, tee_id, hole_number, par, stroke_index) VALUES ('h_api_17985_red_04','tee_api_17985_red',4,5,17);
INSERT OR REPLACE INTO holes (id, tee_id, hole_number, par, stroke_index) VALUES ('h_api_17985_red_05','tee_api_17985_red',5,3,13);
INSERT OR REPLACE INTO holes (id, tee_id, hole_number, par, stroke_index) VALUES ('h_api_17985_red_06','tee_api_17985_red',6,4,5);
INSERT OR REPLACE INTO holes (id, tee_id, hole_number, par, stroke_index) VALUES ('h_api_17985_red_07','tee_api_17985_red',7,4,15);
INSERT OR REPLACE INTO holes (id, tee_id, hole_number, par, stroke_index) VALUES ('h_api_17985_red_08','tee_api_17985_red',8,4,3);
INSERT OR REPLACE INTO holes (id, tee_id, hole_number, par, stroke_index) VALUES ('h_api_17985_red_09','tee_api_17985_red',9,5,11);
INSERT OR REPLACE INTO holes (id, tee_id, hole_number, par, stroke_index) VALUES ('h_api_17985_red_10','tee_api_17985_red',10,5,14);
INSERT OR REPLACE INTO holes (id, tee_id, hole_number, par, stroke_index) VALUES ('h_api_17985_red_11','tee_api_17985_red',11,4,6);
INSERT OR REPLACE INTO holes (id, tee_id, hole_number, par, stroke_index) VALUES ('h_api_17985_red_12','tee_api_17985_red',12,3,16);
INSERT OR REPLACE INTO holes (id, tee_id, hole_number, par, stroke_index) VALUES ('h_api_17985_red_13','tee_api_17985_red',13,4,8);
INSERT OR REPLACE INTO holes (id, tee_id, hole_number, par, stroke_index) VALUES ('h_api_17985_red_14','tee_api_17985_red',14,5,18);
INSERT OR REPLACE INTO holes (id, tee_id, hole_number, par, stroke_index) VALUES ('h_api_17985_red_15','tee_api_17985_red',15,4,12);
INSERT OR REPLACE INTO holes (id, tee_id, hole_number, par, stroke_index) VALUES ('h_api_17985_red_16','tee_api_17985_red',16,4,2);
INSERT OR REPLACE INTO holes (id, tee_id, hole_number, par, stroke_index) VALUES ('h_api_17985_red_17','tee_api_17985_red',17,3,10);
INSERT OR REPLACE INTO holes (id, tee_id, hole_number, par, stroke_index) VALUES ('h_api_17985_red_18','tee_api_17985_red',18,4,4);

INSERT OR REPLACE INTO courses (id, name, city, state, latitude, longitude, created_at) VALUES ('course_api_18074','Falcon Ridge Golf Club','Lenexa','KS',38.95162,-94.82075,'2026-06-09T00:00:00.000Z');
INSERT OR REPLACE INTO tees (id, course_id, name, gender, course_rating, slope_rating, par, front_course_rating, front_slope_rating, front_par, back_course_rating, back_slope_rating, back_par) VALUES ('tee_api_18074_blackm','course_api_18074','Black (M)','M',74.4,148,72,37,142,36,37.4,154,36);
INSERT OR REPLACE INTO holes (id, tee_id, hole_number, par, stroke_index) VALUES ('h_api_18074_blackm_01','tee_api_18074_blackm',1,4,17);
INSERT OR REPLACE INTO holes (id, tee_id, hole_number, par, stroke_index) VALUES ('h_api_18074_blackm_02','tee_api_18074_blackm',2,4,5);
INSERT OR REPLACE INTO holes (id, tee_id, hole_number, par, stroke_index) VALUES ('h_api_18074_blackm_03','tee_api_18074_blackm',3,4,9);
INSERT OR REPLACE INTO holes (id, tee_id, hole_number, par, stroke_index) VALUES ('h_api_18074_blackm_04','tee_api_18074_blackm',4,4,1);
INSERT OR REPLACE INTO holes (id, tee_id, hole_number, par, stroke_index) VALUES ('h_api_18074_blackm_05','tee_api_18074_blackm',5,3,15);
INSERT OR REPLACE INTO holes (id, tee_id, hole_number, par, stroke_index) VALUES ('h_api_18074_blackm_06','tee_api_18074_blackm',6,5,7);
INSERT OR REPLACE INTO holes (id, tee_id, hole_number, par, stroke_index) VALUES ('h_api_18074_blackm_07','tee_api_18074_blackm',7,3,11);
INSERT OR REPLACE INTO holes (id, tee_id, hole_number, par, stroke_index) VALUES ('h_api_18074_blackm_08','tee_api_18074_blackm',8,5,13);
INSERT OR REPLACE INTO holes (id, tee_id, hole_number, par, stroke_index) VALUES ('h_api_18074_blackm_09','tee_api_18074_blackm',9,4,3);
INSERT OR REPLACE INTO holes (id, tee_id, hole_number, par, stroke_index) VALUES ('h_api_18074_blackm_10','tee_api_18074_blackm',10,4,8);
INSERT OR REPLACE INTO holes (id, tee_id, hole_number, par, stroke_index) VALUES ('h_api_18074_blackm_11','tee_api_18074_blackm',11,5,4);
INSERT OR REPLACE INTO holes (id, tee_id, hole_number, par, stroke_index) VALUES ('h_api_18074_blackm_12','tee_api_18074_blackm',12,3,18);
INSERT OR REPLACE INTO holes (id, tee_id, hole_number, par, stroke_index) VALUES ('h_api_18074_blackm_13','tee_api_18074_blackm',13,4,2);
INSERT OR REPLACE INTO holes (id, tee_id, hole_number, par, stroke_index) VALUES ('h_api_18074_blackm_14','tee_api_18074_blackm',14,3,16);
INSERT OR REPLACE INTO holes (id, tee_id, hole_number, par, stroke_index) VALUES ('h_api_18074_blackm_15','tee_api_18074_blackm',15,5,14);
INSERT OR REPLACE INTO holes (id, tee_id, hole_number, par, stroke_index) VALUES ('h_api_18074_blackm_16','tee_api_18074_blackm',16,3,10);
INSERT OR REPLACE INTO holes (id, tee_id, hole_number, par, stroke_index) VALUES ('h_api_18074_blackm_17','tee_api_18074_blackm',17,5,12);
INSERT OR REPLACE INTO holes (id, tee_id, hole_number, par, stroke_index) VALUES ('h_api_18074_blackm_18','tee_api_18074_blackm',18,4,6);
INSERT OR REPLACE INTO tees (id, course_id, name, gender, course_rating, slope_rating, par, front_course_rating, front_slope_rating, front_par, back_course_rating, back_slope_rating, back_par) VALUES ('tee_api_18074_blackbluecombo','course_api_18074','Black/Blue Combo','M',72.7,139,72,36.6,131,36,36.1,146,36);
INSERT OR REPLACE INTO holes (id, tee_id, hole_number, par, stroke_index) VALUES ('h_api_18074_blackbluecombo_01','tee_api_18074_blackbluecombo',1,4,17);
INSERT OR REPLACE INTO holes (id, tee_id, hole_number, par, stroke_index) VALUES ('h_api_18074_blackbluecombo_02','tee_api_18074_blackbluecombo',2,4,5);
INSERT OR REPLACE INTO holes (id, tee_id, hole_number, par, stroke_index) VALUES ('h_api_18074_blackbluecombo_03','tee_api_18074_blackbluecombo',3,4,9);
INSERT OR REPLACE INTO holes (id, tee_id, hole_number, par, stroke_index) VALUES ('h_api_18074_blackbluecombo_04','tee_api_18074_blackbluecombo',4,4,1);
INSERT OR REPLACE INTO holes (id, tee_id, hole_number, par, stroke_index) VALUES ('h_api_18074_blackbluecombo_05','tee_api_18074_blackbluecombo',5,3,15);
INSERT OR REPLACE INTO holes (id, tee_id, hole_number, par, stroke_index) VALUES ('h_api_18074_blackbluecombo_06','tee_api_18074_blackbluecombo',6,5,7);
INSERT OR REPLACE INTO holes (id, tee_id, hole_number, par, stroke_index) VALUES ('h_api_18074_blackbluecombo_07','tee_api_18074_blackbluecombo',7,3,11);
INSERT OR REPLACE INTO holes (id, tee_id, hole_number, par, stroke_index) VALUES ('h_api_18074_blackbluecombo_08','tee_api_18074_blackbluecombo',8,5,13);
INSERT OR REPLACE INTO holes (id, tee_id, hole_number, par, stroke_index) VALUES ('h_api_18074_blackbluecombo_09','tee_api_18074_blackbluecombo',9,4,3);
INSERT OR REPLACE INTO holes (id, tee_id, hole_number, par, stroke_index) VALUES ('h_api_18074_blackbluecombo_10','tee_api_18074_blackbluecombo',10,4,8);
INSERT OR REPLACE INTO holes (id, tee_id, hole_number, par, stroke_index) VALUES ('h_api_18074_blackbluecombo_11','tee_api_18074_blackbluecombo',11,5,4);
INSERT OR REPLACE INTO holes (id, tee_id, hole_number, par, stroke_index) VALUES ('h_api_18074_blackbluecombo_12','tee_api_18074_blackbluecombo',12,3,18);
INSERT OR REPLACE INTO holes (id, tee_id, hole_number, par, stroke_index) VALUES ('h_api_18074_blackbluecombo_13','tee_api_18074_blackbluecombo',13,4,2);
INSERT OR REPLACE INTO holes (id, tee_id, hole_number, par, stroke_index) VALUES ('h_api_18074_blackbluecombo_14','tee_api_18074_blackbluecombo',14,3,16);
INSERT OR REPLACE INTO holes (id, tee_id, hole_number, par, stroke_index) VALUES ('h_api_18074_blackbluecombo_15','tee_api_18074_blackbluecombo',15,5,14);
INSERT OR REPLACE INTO holes (id, tee_id, hole_number, par, stroke_index) VALUES ('h_api_18074_blackbluecombo_16','tee_api_18074_blackbluecombo',16,3,10);
INSERT OR REPLACE INTO holes (id, tee_id, hole_number, par, stroke_index) VALUES ('h_api_18074_blackbluecombo_17','tee_api_18074_blackbluecombo',17,5,12);
INSERT OR REPLACE INTO holes (id, tee_id, hole_number, par, stroke_index) VALUES ('h_api_18074_blackbluecombo_18','tee_api_18074_blackbluecombo',18,4,6);
INSERT OR REPLACE INTO tees (id, course_id, name, gender, course_rating, slope_rating, par, front_course_rating, front_slope_rating, front_par, back_course_rating, back_slope_rating, back_par) VALUES ('tee_api_18074_bluem','course_api_18074','Blue (M)','M',70.6,129,72,35.7,126,36,34.9,132,36);
INSERT OR REPLACE INTO holes (id, tee_id, hole_number, par, stroke_index) VALUES ('h_api_18074_bluem_01','tee_api_18074_bluem',1,4,17);
INSERT OR REPLACE INTO holes (id, tee_id, hole_number, par, stroke_index) VALUES ('h_api_18074_bluem_02','tee_api_18074_bluem',2,4,5);
INSERT OR REPLACE INTO holes (id, tee_id, hole_number, par, stroke_index) VALUES ('h_api_18074_bluem_03','tee_api_18074_bluem',3,4,9);
INSERT OR REPLACE INTO holes (id, tee_id, hole_number, par, stroke_index) VALUES ('h_api_18074_bluem_04','tee_api_18074_bluem',4,4,1);
INSERT OR REPLACE INTO holes (id, tee_id, hole_number, par, stroke_index) VALUES ('h_api_18074_bluem_05','tee_api_18074_bluem',5,3,15);
INSERT OR REPLACE INTO holes (id, tee_id, hole_number, par, stroke_index) VALUES ('h_api_18074_bluem_06','tee_api_18074_bluem',6,5,7);
INSERT OR REPLACE INTO holes (id, tee_id, hole_number, par, stroke_index) VALUES ('h_api_18074_bluem_07','tee_api_18074_bluem',7,3,11);
INSERT OR REPLACE INTO holes (id, tee_id, hole_number, par, stroke_index) VALUES ('h_api_18074_bluem_08','tee_api_18074_bluem',8,5,13);
INSERT OR REPLACE INTO holes (id, tee_id, hole_number, par, stroke_index) VALUES ('h_api_18074_bluem_09','tee_api_18074_bluem',9,4,3);
INSERT OR REPLACE INTO holes (id, tee_id, hole_number, par, stroke_index) VALUES ('h_api_18074_bluem_10','tee_api_18074_bluem',10,4,8);
INSERT OR REPLACE INTO holes (id, tee_id, hole_number, par, stroke_index) VALUES ('h_api_18074_bluem_11','tee_api_18074_bluem',11,5,4);
INSERT OR REPLACE INTO holes (id, tee_id, hole_number, par, stroke_index) VALUES ('h_api_18074_bluem_12','tee_api_18074_bluem',12,3,18);
INSERT OR REPLACE INTO holes (id, tee_id, hole_number, par, stroke_index) VALUES ('h_api_18074_bluem_13','tee_api_18074_bluem',13,4,2);
INSERT OR REPLACE INTO holes (id, tee_id, hole_number, par, stroke_index) VALUES ('h_api_18074_bluem_14','tee_api_18074_bluem',14,3,16);
INSERT OR REPLACE INTO holes (id, tee_id, hole_number, par, stroke_index) VALUES ('h_api_18074_bluem_15','tee_api_18074_bluem',15,5,14);
INSERT OR REPLACE INTO holes (id, tee_id, hole_number, par, stroke_index) VALUES ('h_api_18074_bluem_16','tee_api_18074_bluem',16,3,10);
INSERT OR REPLACE INTO holes (id, tee_id, hole_number, par, stroke_index) VALUES ('h_api_18074_bluem_17','tee_api_18074_bluem',17,5,12);
INSERT OR REPLACE INTO holes (id, tee_id, hole_number, par, stroke_index) VALUES ('h_api_18074_bluem_18','tee_api_18074_bluem',18,4,6);
INSERT OR REPLACE INTO tees (id, course_id, name, gender, course_rating, slope_rating, par, front_course_rating, front_slope_rating, front_par, back_course_rating, back_slope_rating, back_par) VALUES ('tee_api_18074_bluewhitecombo','course_api_18074','Blue/White Combo','M',69.8,128,72,34.9,122,36,34.9,133,36);
INSERT OR REPLACE INTO holes (id, tee_id, hole_number, par, stroke_index) VALUES ('h_api_18074_bluewhitecombo_01','tee_api_18074_bluewhitecombo',1,4,17);
INSERT OR REPLACE INTO holes (id, tee_id, hole_number, par, stroke_index) VALUES ('h_api_18074_bluewhitecombo_02','tee_api_18074_bluewhitecombo',2,4,5);
INSERT OR REPLACE INTO holes (id, tee_id, hole_number, par, stroke_index) VALUES ('h_api_18074_bluewhitecombo_03','tee_api_18074_bluewhitecombo',3,4,9);
INSERT OR REPLACE INTO holes (id, tee_id, hole_number, par, stroke_index) VALUES ('h_api_18074_bluewhitecombo_04','tee_api_18074_bluewhitecombo',4,4,1);
INSERT OR REPLACE INTO holes (id, tee_id, hole_number, par, stroke_index) VALUES ('h_api_18074_bluewhitecombo_05','tee_api_18074_bluewhitecombo',5,3,15);
INSERT OR REPLACE INTO holes (id, tee_id, hole_number, par, stroke_index) VALUES ('h_api_18074_bluewhitecombo_06','tee_api_18074_bluewhitecombo',6,5,7);
INSERT OR REPLACE INTO holes (id, tee_id, hole_number, par, stroke_index) VALUES ('h_api_18074_bluewhitecombo_07','tee_api_18074_bluewhitecombo',7,3,11);
INSERT OR REPLACE INTO holes (id, tee_id, hole_number, par, stroke_index) VALUES ('h_api_18074_bluewhitecombo_08','tee_api_18074_bluewhitecombo',8,5,13);
INSERT OR REPLACE INTO holes (id, tee_id, hole_number, par, stroke_index) VALUES ('h_api_18074_bluewhitecombo_09','tee_api_18074_bluewhitecombo',9,4,3);
INSERT OR REPLACE INTO holes (id, tee_id, hole_number, par, stroke_index) VALUES ('h_api_18074_bluewhitecombo_10','tee_api_18074_bluewhitecombo',10,4,8);
INSERT OR REPLACE INTO holes (id, tee_id, hole_number, par, stroke_index) VALUES ('h_api_18074_bluewhitecombo_11','tee_api_18074_bluewhitecombo',11,5,4);
INSERT OR REPLACE INTO holes (id, tee_id, hole_number, par, stroke_index) VALUES ('h_api_18074_bluewhitecombo_12','tee_api_18074_bluewhitecombo',12,3,18);
INSERT OR REPLACE INTO holes (id, tee_id, hole_number, par, stroke_index) VALUES ('h_api_18074_bluewhitecombo_13','tee_api_18074_bluewhitecombo',13,4,2);
INSERT OR REPLACE INTO holes (id, tee_id, hole_number, par, stroke_index) VALUES ('h_api_18074_bluewhitecombo_14','tee_api_18074_bluewhitecombo',14,3,16);
INSERT OR REPLACE INTO holes (id, tee_id, hole_number, par, stroke_index) VALUES ('h_api_18074_bluewhitecombo_15','tee_api_18074_bluewhitecombo',15,5,14);
INSERT OR REPLACE INTO holes (id, tee_id, hole_number, par, stroke_index) VALUES ('h_api_18074_bluewhitecombo_16','tee_api_18074_bluewhitecombo',16,3,10);
INSERT OR REPLACE INTO holes (id, tee_id, hole_number, par, stroke_index) VALUES ('h_api_18074_bluewhitecombo_17','tee_api_18074_bluewhitecombo',17,5,12);
INSERT OR REPLACE INTO holes (id, tee_id, hole_number, par, stroke_index) VALUES ('h_api_18074_bluewhitecombo_18','tee_api_18074_bluewhitecombo',18,4,6);
INSERT OR REPLACE INTO tees (id, course_id, name, gender, course_rating, slope_rating, par, front_course_rating, front_slope_rating, front_par, back_course_rating, back_slope_rating, back_par) VALUES ('tee_api_18074_whitem','course_api_18074','White (M)','M',69,124,72,34.2,117,36,34.8,130,36);
INSERT OR REPLACE INTO holes (id, tee_id, hole_number, par, stroke_index) VALUES ('h_api_18074_whitem_01','tee_api_18074_whitem',1,4,17);
INSERT OR REPLACE INTO holes (id, tee_id, hole_number, par, stroke_index) VALUES ('h_api_18074_whitem_02','tee_api_18074_whitem',2,4,5);
INSERT OR REPLACE INTO holes (id, tee_id, hole_number, par, stroke_index) VALUES ('h_api_18074_whitem_03','tee_api_18074_whitem',3,4,9);
INSERT OR REPLACE INTO holes (id, tee_id, hole_number, par, stroke_index) VALUES ('h_api_18074_whitem_04','tee_api_18074_whitem',4,4,1);
INSERT OR REPLACE INTO holes (id, tee_id, hole_number, par, stroke_index) VALUES ('h_api_18074_whitem_05','tee_api_18074_whitem',5,3,15);
INSERT OR REPLACE INTO holes (id, tee_id, hole_number, par, stroke_index) VALUES ('h_api_18074_whitem_06','tee_api_18074_whitem',6,5,7);
INSERT OR REPLACE INTO holes (id, tee_id, hole_number, par, stroke_index) VALUES ('h_api_18074_whitem_07','tee_api_18074_whitem',7,3,11);
INSERT OR REPLACE INTO holes (id, tee_id, hole_number, par, stroke_index) VALUES ('h_api_18074_whitem_08','tee_api_18074_whitem',8,5,13);
INSERT OR REPLACE INTO holes (id, tee_id, hole_number, par, stroke_index) VALUES ('h_api_18074_whitem_09','tee_api_18074_whitem',9,4,3);
INSERT OR REPLACE INTO holes (id, tee_id, hole_number, par, stroke_index) VALUES ('h_api_18074_whitem_10','tee_api_18074_whitem',10,4,8);
INSERT OR REPLACE INTO holes (id, tee_id, hole_number, par, stroke_index) VALUES ('h_api_18074_whitem_11','tee_api_18074_whitem',11,5,4);
INSERT OR REPLACE INTO holes (id, tee_id, hole_number, par, stroke_index) VALUES ('h_api_18074_whitem_12','tee_api_18074_whitem',12,3,18);
INSERT OR REPLACE INTO holes (id, tee_id, hole_number, par, stroke_index) VALUES ('h_api_18074_whitem_13','tee_api_18074_whitem',13,4,2);
INSERT OR REPLACE INTO holes (id, tee_id, hole_number, par, stroke_index) VALUES ('h_api_18074_whitem_14','tee_api_18074_whitem',14,3,16);
INSERT OR REPLACE INTO holes (id, tee_id, hole_number, par, stroke_index) VALUES ('h_api_18074_whitem_15','tee_api_18074_whitem',15,5,14);
INSERT OR REPLACE INTO holes (id, tee_id, hole_number, par, stroke_index) VALUES ('h_api_18074_whitem_16','tee_api_18074_whitem',16,3,10);
INSERT OR REPLACE INTO holes (id, tee_id, hole_number, par, stroke_index) VALUES ('h_api_18074_whitem_17','tee_api_18074_whitem',17,5,12);
INSERT OR REPLACE INTO holes (id, tee_id, hole_number, par, stroke_index) VALUES ('h_api_18074_whitem_18','tee_api_18074_whitem',18,4,6);
INSERT OR REPLACE INTO tees (id, course_id, name, gender, course_rating, slope_rating, par, front_course_rating, front_slope_rating, front_par, back_course_rating, back_slope_rating, back_par) VALUES ('tee_api_18074_whitegoldcombo','course_api_18074','White/Gold Combo','M',67.3,115,72,33.4,112,36,33.9,117,36);
INSERT OR REPLACE INTO holes (id, tee_id, hole_number, par, stroke_index) VALUES ('h_api_18074_whitegoldcombo_01','tee_api_18074_whitegoldcombo',1,4,17);
INSERT OR REPLACE INTO holes (id, tee_id, hole_number, par, stroke_index) VALUES ('h_api_18074_whitegoldcombo_02','tee_api_18074_whitegoldcombo',2,4,5);
INSERT OR REPLACE INTO holes (id, tee_id, hole_number, par, stroke_index) VALUES ('h_api_18074_whitegoldcombo_03','tee_api_18074_whitegoldcombo',3,4,9);
INSERT OR REPLACE INTO holes (id, tee_id, hole_number, par, stroke_index) VALUES ('h_api_18074_whitegoldcombo_04','tee_api_18074_whitegoldcombo',4,4,1);
INSERT OR REPLACE INTO holes (id, tee_id, hole_number, par, stroke_index) VALUES ('h_api_18074_whitegoldcombo_05','tee_api_18074_whitegoldcombo',5,3,15);
INSERT OR REPLACE INTO holes (id, tee_id, hole_number, par, stroke_index) VALUES ('h_api_18074_whitegoldcombo_06','tee_api_18074_whitegoldcombo',6,5,7);
INSERT OR REPLACE INTO holes (id, tee_id, hole_number, par, stroke_index) VALUES ('h_api_18074_whitegoldcombo_07','tee_api_18074_whitegoldcombo',7,3,11);
INSERT OR REPLACE INTO holes (id, tee_id, hole_number, par, stroke_index) VALUES ('h_api_18074_whitegoldcombo_08','tee_api_18074_whitegoldcombo',8,5,13);
INSERT OR REPLACE INTO holes (id, tee_id, hole_number, par, stroke_index) VALUES ('h_api_18074_whitegoldcombo_09','tee_api_18074_whitegoldcombo',9,4,3);
INSERT OR REPLACE INTO holes (id, tee_id, hole_number, par, stroke_index) VALUES ('h_api_18074_whitegoldcombo_10','tee_api_18074_whitegoldcombo',10,4,8);
INSERT OR REPLACE INTO holes (id, tee_id, hole_number, par, stroke_index) VALUES ('h_api_18074_whitegoldcombo_11','tee_api_18074_whitegoldcombo',11,5,4);
INSERT OR REPLACE INTO holes (id, tee_id, hole_number, par, stroke_index) VALUES ('h_api_18074_whitegoldcombo_12','tee_api_18074_whitegoldcombo',12,3,18);
INSERT OR REPLACE INTO holes (id, tee_id, hole_number, par, stroke_index) VALUES ('h_api_18074_whitegoldcombo_13','tee_api_18074_whitegoldcombo',13,4,2);
INSERT OR REPLACE INTO holes (id, tee_id, hole_number, par, stroke_index) VALUES ('h_api_18074_whitegoldcombo_14','tee_api_18074_whitegoldcombo',14,3,16);
INSERT OR REPLACE INTO holes (id, tee_id, hole_number, par, stroke_index) VALUES ('h_api_18074_whitegoldcombo_15','tee_api_18074_whitegoldcombo',15,5,14);
INSERT OR REPLACE INTO holes (id, tee_id, hole_number, par, stroke_index) VALUES ('h_api_18074_whitegoldcombo_16','tee_api_18074_whitegoldcombo',16,3,10);
INSERT OR REPLACE INTO holes (id, tee_id, hole_number, par, stroke_index) VALUES ('h_api_18074_whitegoldcombo_17','tee_api_18074_whitegoldcombo',17,5,12);
INSERT OR REPLACE INTO holes (id, tee_id, hole_number, par, stroke_index) VALUES ('h_api_18074_whitegoldcombo_18','tee_api_18074_whitegoldcombo',18,4,6);
INSERT OR REPLACE INTO tees (id, course_id, name, gender, course_rating, slope_rating, par, front_course_rating, front_slope_rating, front_par, back_course_rating, back_slope_rating, back_par) VALUES ('tee_api_18074_goldm','course_api_18074','Gold (M)','M',66.2,110,72,32.9,105,36,33.3,114,36);
INSERT OR REPLACE INTO holes (id, tee_id, hole_number, par, stroke_index) VALUES ('h_api_18074_goldm_01','tee_api_18074_goldm',1,4,17);
INSERT OR REPLACE INTO holes (id, tee_id, hole_number, par, stroke_index) VALUES ('h_api_18074_goldm_02','tee_api_18074_goldm',2,4,5);
INSERT OR REPLACE INTO holes (id, tee_id, hole_number, par, stroke_index) VALUES ('h_api_18074_goldm_03','tee_api_18074_goldm',3,4,9);
INSERT OR REPLACE INTO holes (id, tee_id, hole_number, par, stroke_index) VALUES ('h_api_18074_goldm_04','tee_api_18074_goldm',4,4,1);
INSERT OR REPLACE INTO holes (id, tee_id, hole_number, par, stroke_index) VALUES ('h_api_18074_goldm_05','tee_api_18074_goldm',5,3,15);
INSERT OR REPLACE INTO holes (id, tee_id, hole_number, par, stroke_index) VALUES ('h_api_18074_goldm_06','tee_api_18074_goldm',6,5,7);
INSERT OR REPLACE INTO holes (id, tee_id, hole_number, par, stroke_index) VALUES ('h_api_18074_goldm_07','tee_api_18074_goldm',7,3,11);
INSERT OR REPLACE INTO holes (id, tee_id, hole_number, par, stroke_index) VALUES ('h_api_18074_goldm_08','tee_api_18074_goldm',8,5,13);
INSERT OR REPLACE INTO holes (id, tee_id, hole_number, par, stroke_index) VALUES ('h_api_18074_goldm_09','tee_api_18074_goldm',9,4,3);
INSERT OR REPLACE INTO holes (id, tee_id, hole_number, par, stroke_index) VALUES ('h_api_18074_goldm_10','tee_api_18074_goldm',10,4,8);
INSERT OR REPLACE INTO holes (id, tee_id, hole_number, par, stroke_index) VALUES ('h_api_18074_goldm_11','tee_api_18074_goldm',11,5,4);
INSERT OR REPLACE INTO holes (id, tee_id, hole_number, par, stroke_index) VALUES ('h_api_18074_goldm_12','tee_api_18074_goldm',12,3,18);
INSERT OR REPLACE INTO holes (id, tee_id, hole_number, par, stroke_index) VALUES ('h_api_18074_goldm_13','tee_api_18074_goldm',13,4,2);
INSERT OR REPLACE INTO holes (id, tee_id, hole_number, par, stroke_index) VALUES ('h_api_18074_goldm_14','tee_api_18074_goldm',14,3,16);
INSERT OR REPLACE INTO holes (id, tee_id, hole_number, par, stroke_index) VALUES ('h_api_18074_goldm_15','tee_api_18074_goldm',15,5,14);
INSERT OR REPLACE INTO holes (id, tee_id, hole_number, par, stroke_index) VALUES ('h_api_18074_goldm_16','tee_api_18074_goldm',16,3,10);
INSERT OR REPLACE INTO holes (id, tee_id, hole_number, par, stroke_index) VALUES ('h_api_18074_goldm_17','tee_api_18074_goldm',17,5,12);
INSERT OR REPLACE INTO holes (id, tee_id, hole_number, par, stroke_index) VALUES ('h_api_18074_goldm_18','tee_api_18074_goldm',18,4,6);
INSERT OR REPLACE INTO tees (id, course_id, name, gender, course_rating, slope_rating, par, front_course_rating, front_slope_rating, front_par, back_course_rating, back_slope_rating, back_par) VALUES ('tee_api_18074_goldredcombo','course_api_18074','Gold/Red Combo','M',64.8,108,71,32.3,105,36,32.5,110,35);
INSERT OR REPLACE INTO holes (id, tee_id, hole_number, par, stroke_index) VALUES ('h_api_18074_goldredcombo_01','tee_api_18074_goldredcombo',1,4,17);
INSERT OR REPLACE INTO holes (id, tee_id, hole_number, par, stroke_index) VALUES ('h_api_18074_goldredcombo_02','tee_api_18074_goldredcombo',2,4,5);
INSERT OR REPLACE INTO holes (id, tee_id, hole_number, par, stroke_index) VALUES ('h_api_18074_goldredcombo_03','tee_api_18074_goldredcombo',3,4,9);
INSERT OR REPLACE INTO holes (id, tee_id, hole_number, par, stroke_index) VALUES ('h_api_18074_goldredcombo_04','tee_api_18074_goldredcombo',4,4,1);
INSERT OR REPLACE INTO holes (id, tee_id, hole_number, par, stroke_index) VALUES ('h_api_18074_goldredcombo_05','tee_api_18074_goldredcombo',5,3,15);
INSERT OR REPLACE INTO holes (id, tee_id, hole_number, par, stroke_index) VALUES ('h_api_18074_goldredcombo_06','tee_api_18074_goldredcombo',6,5,7);
INSERT OR REPLACE INTO holes (id, tee_id, hole_number, par, stroke_index) VALUES ('h_api_18074_goldredcombo_07','tee_api_18074_goldredcombo',7,3,11);
INSERT OR REPLACE INTO holes (id, tee_id, hole_number, par, stroke_index) VALUES ('h_api_18074_goldredcombo_08','tee_api_18074_goldredcombo',8,5,13);
INSERT OR REPLACE INTO holes (id, tee_id, hole_number, par, stroke_index) VALUES ('h_api_18074_goldredcombo_09','tee_api_18074_goldredcombo',9,4,3);
INSERT OR REPLACE INTO holes (id, tee_id, hole_number, par, stroke_index) VALUES ('h_api_18074_goldredcombo_10','tee_api_18074_goldredcombo',10,4,8);
INSERT OR REPLACE INTO holes (id, tee_id, hole_number, par, stroke_index) VALUES ('h_api_18074_goldredcombo_11','tee_api_18074_goldredcombo',11,5,4);
INSERT OR REPLACE INTO holes (id, tee_id, hole_number, par, stroke_index) VALUES ('h_api_18074_goldredcombo_12','tee_api_18074_goldredcombo',12,3,18);
INSERT OR REPLACE INTO holes (id, tee_id, hole_number, par, stroke_index) VALUES ('h_api_18074_goldredcombo_13','tee_api_18074_goldredcombo',13,4,2);
INSERT OR REPLACE INTO holes (id, tee_id, hole_number, par, stroke_index) VALUES ('h_api_18074_goldredcombo_14','tee_api_18074_goldredcombo',14,3,16);
INSERT OR REPLACE INTO holes (id, tee_id, hole_number, par, stroke_index) VALUES ('h_api_18074_goldredcombo_15','tee_api_18074_goldredcombo',15,5,14);
INSERT OR REPLACE INTO holes (id, tee_id, hole_number, par, stroke_index) VALUES ('h_api_18074_goldredcombo_16','tee_api_18074_goldredcombo',16,3,10);
INSERT OR REPLACE INTO holes (id, tee_id, hole_number, par, stroke_index) VALUES ('h_api_18074_goldredcombo_17','tee_api_18074_goldredcombo',17,4,12);
INSERT OR REPLACE INTO holes (id, tee_id, hole_number, par, stroke_index) VALUES ('h_api_18074_goldredcombo_18','tee_api_18074_goldredcombo',18,4,6);
INSERT OR REPLACE INTO tees (id, course_id, name, gender, course_rating, slope_rating, par, front_course_rating, front_slope_rating, front_par, back_course_rating, back_slope_rating, back_par) VALUES ('tee_api_18074_redm','course_api_18074','Red (M)','M',63.5,106,70,31.7,103,36,31.8,109,34);
INSERT OR REPLACE INTO holes (id, tee_id, hole_number, par, stroke_index) VALUES ('h_api_18074_redm_01','tee_api_18074_redm',1,4,17);
INSERT OR REPLACE INTO holes (id, tee_id, hole_number, par, stroke_index) VALUES ('h_api_18074_redm_02','tee_api_18074_redm',2,4,5);
INSERT OR REPLACE INTO holes (id, tee_id, hole_number, par, stroke_index) VALUES ('h_api_18074_redm_03','tee_api_18074_redm',3,4,9);
INSERT OR REPLACE INTO holes (id, tee_id, hole_number, par, stroke_index) VALUES ('h_api_18074_redm_04','tee_api_18074_redm',4,4,1);
INSERT OR REPLACE INTO holes (id, tee_id, hole_number, par, stroke_index) VALUES ('h_api_18074_redm_05','tee_api_18074_redm',5,3,15);
INSERT OR REPLACE INTO holes (id, tee_id, hole_number, par, stroke_index) VALUES ('h_api_18074_redm_06','tee_api_18074_redm',6,5,7);
INSERT OR REPLACE INTO holes (id, tee_id, hole_number, par, stroke_index) VALUES ('h_api_18074_redm_07','tee_api_18074_redm',7,3,11);
INSERT OR REPLACE INTO holes (id, tee_id, hole_number, par, stroke_index) VALUES ('h_api_18074_redm_08','tee_api_18074_redm',8,5,13);
INSERT OR REPLACE INTO holes (id, tee_id, hole_number, par, stroke_index) VALUES ('h_api_18074_redm_09','tee_api_18074_redm',9,4,3);
INSERT OR REPLACE INTO holes (id, tee_id, hole_number, par, stroke_index) VALUES ('h_api_18074_redm_10','tee_api_18074_redm',10,4,8);
INSERT OR REPLACE INTO holes (id, tee_id, hole_number, par, stroke_index) VALUES ('h_api_18074_redm_11','tee_api_18074_redm',11,5,4);
INSERT OR REPLACE INTO holes (id, tee_id, hole_number, par, stroke_index) VALUES ('h_api_18074_redm_12','tee_api_18074_redm',12,3,18);
INSERT OR REPLACE INTO holes (id, tee_id, hole_number, par, stroke_index) VALUES ('h_api_18074_redm_13','tee_api_18074_redm',13,4,2);
INSERT OR REPLACE INTO holes (id, tee_id, hole_number, par, stroke_index) VALUES ('h_api_18074_redm_14','tee_api_18074_redm',14,3,16);
INSERT OR REPLACE INTO holes (id, tee_id, hole_number, par, stroke_index) VALUES ('h_api_18074_redm_15','tee_api_18074_redm',15,4,14);
INSERT OR REPLACE INTO holes (id, tee_id, hole_number, par, stroke_index) VALUES ('h_api_18074_redm_16','tee_api_18074_redm',16,3,10);
INSERT OR REPLACE INTO holes (id, tee_id, hole_number, par, stroke_index) VALUES ('h_api_18074_redm_17','tee_api_18074_redm',17,4,12);
INSERT OR REPLACE INTO holes (id, tee_id, hole_number, par, stroke_index) VALUES ('h_api_18074_redm_18','tee_api_18074_redm',18,4,6);

INSERT OR REPLACE INTO courses (id, name, city, state, latitude, longitude, created_at) VALUES ('course_api_18355','Sycamore Ridge Golf Club','Spring Hill','KS',38.75867,-94.83976,'2026-06-09T00:00:00.000Z');
INSERT OR REPLACE INTO tees (id, course_id, name, gender, course_rating, slope_rating, par, front_course_rating, front_slope_rating, front_par, back_course_rating, back_slope_rating, back_par) VALUES ('tee_api_18355_black','course_api_18355','Black','M',76,143,72,38.9,151,36,37.1,135,36);
INSERT OR REPLACE INTO holes (id, tee_id, hole_number, par, stroke_index) VALUES ('h_api_18355_black_01','tee_api_18355_black',1,4,4);
INSERT OR REPLACE INTO holes (id, tee_id, hole_number, par, stroke_index) VALUES ('h_api_18355_black_02','tee_api_18355_black',2,5,6);
INSERT OR REPLACE INTO holes (id, tee_id, hole_number, par, stroke_index) VALUES ('h_api_18355_black_03','tee_api_18355_black',3,4,14);
INSERT OR REPLACE INTO holes (id, tee_id, hole_number, par, stroke_index) VALUES ('h_api_18355_black_04','tee_api_18355_black',4,3,12);
INSERT OR REPLACE INTO holes (id, tee_id, hole_number, par, stroke_index) VALUES ('h_api_18355_black_05','tee_api_18355_black',5,4,10);
INSERT OR REPLACE INTO holes (id, tee_id, hole_number, par, stroke_index) VALUES ('h_api_18355_black_06','tee_api_18355_black',6,4,16);
INSERT OR REPLACE INTO holes (id, tee_id, hole_number, par, stroke_index) VALUES ('h_api_18355_black_07','tee_api_18355_black',7,5,2);
INSERT OR REPLACE INTO holes (id, tee_id, hole_number, par, stroke_index) VALUES ('h_api_18355_black_08','tee_api_18355_black',8,3,18);
INSERT OR REPLACE INTO holes (id, tee_id, hole_number, par, stroke_index) VALUES ('h_api_18355_black_09','tee_api_18355_black',9,4,8);
INSERT OR REPLACE INTO holes (id, tee_id, hole_number, par, stroke_index) VALUES ('h_api_18355_black_10','tee_api_18355_black',10,4,9);
INSERT OR REPLACE INTO holes (id, tee_id, hole_number, par, stroke_index) VALUES ('h_api_18355_black_11','tee_api_18355_black',11,5,5);
INSERT OR REPLACE INTO holes (id, tee_id, hole_number, par, stroke_index) VALUES ('h_api_18355_black_12','tee_api_18355_black',12,3,15);
INSERT OR REPLACE INTO holes (id, tee_id, hole_number, par, stroke_index) VALUES ('h_api_18355_black_13','tee_api_18355_black',13,4,7);
INSERT OR REPLACE INTO holes (id, tee_id, hole_number, par, stroke_index) VALUES ('h_api_18355_black_14','tee_api_18355_black',14,3,17);
INSERT OR REPLACE INTO holes (id, tee_id, hole_number, par, stroke_index) VALUES ('h_api_18355_black_15','tee_api_18355_black',15,5,1);
INSERT OR REPLACE INTO holes (id, tee_id, hole_number, par, stroke_index) VALUES ('h_api_18355_black_16','tee_api_18355_black',16,4,11);
INSERT OR REPLACE INTO holes (id, tee_id, hole_number, par, stroke_index) VALUES ('h_api_18355_black_17','tee_api_18355_black',17,3,13);
INSERT OR REPLACE INTO holes (id, tee_id, hole_number, par, stroke_index) VALUES ('h_api_18355_black_18','tee_api_18355_black',18,5,3);
INSERT OR REPLACE INTO tees (id, course_id, name, gender, course_rating, slope_rating, par, front_course_rating, front_slope_rating, front_par, back_course_rating, back_slope_rating, back_par) VALUES ('tee_api_18355_blue','course_api_18355','Blue','M',72.4,135,72,36.8,142,36,35.6,127,36);
INSERT OR REPLACE INTO holes (id, tee_id, hole_number, par, stroke_index) VALUES ('h_api_18355_blue_01','tee_api_18355_blue',1,4,4);
INSERT OR REPLACE INTO holes (id, tee_id, hole_number, par, stroke_index) VALUES ('h_api_18355_blue_02','tee_api_18355_blue',2,5,6);
INSERT OR REPLACE INTO holes (id, tee_id, hole_number, par, stroke_index) VALUES ('h_api_18355_blue_03','tee_api_18355_blue',3,4,14);
INSERT OR REPLACE INTO holes (id, tee_id, hole_number, par, stroke_index) VALUES ('h_api_18355_blue_04','tee_api_18355_blue',4,3,12);
INSERT OR REPLACE INTO holes (id, tee_id, hole_number, par, stroke_index) VALUES ('h_api_18355_blue_05','tee_api_18355_blue',5,4,10);
INSERT OR REPLACE INTO holes (id, tee_id, hole_number, par, stroke_index) VALUES ('h_api_18355_blue_06','tee_api_18355_blue',6,4,16);
INSERT OR REPLACE INTO holes (id, tee_id, hole_number, par, stroke_index) VALUES ('h_api_18355_blue_07','tee_api_18355_blue',7,5,2);
INSERT OR REPLACE INTO holes (id, tee_id, hole_number, par, stroke_index) VALUES ('h_api_18355_blue_08','tee_api_18355_blue',8,3,18);
INSERT OR REPLACE INTO holes (id, tee_id, hole_number, par, stroke_index) VALUES ('h_api_18355_blue_09','tee_api_18355_blue',9,4,8);
INSERT OR REPLACE INTO holes (id, tee_id, hole_number, par, stroke_index) VALUES ('h_api_18355_blue_10','tee_api_18355_blue',10,4,9);
INSERT OR REPLACE INTO holes (id, tee_id, hole_number, par, stroke_index) VALUES ('h_api_18355_blue_11','tee_api_18355_blue',11,5,5);
INSERT OR REPLACE INTO holes (id, tee_id, hole_number, par, stroke_index) VALUES ('h_api_18355_blue_12','tee_api_18355_blue',12,3,15);
INSERT OR REPLACE INTO holes (id, tee_id, hole_number, par, stroke_index) VALUES ('h_api_18355_blue_13','tee_api_18355_blue',13,4,7);
INSERT OR REPLACE INTO holes (id, tee_id, hole_number, par, stroke_index) VALUES ('h_api_18355_blue_14','tee_api_18355_blue',14,3,17);
INSERT OR REPLACE INTO holes (id, tee_id, hole_number, par, stroke_index) VALUES ('h_api_18355_blue_15','tee_api_18355_blue',15,5,1);
INSERT OR REPLACE INTO holes (id, tee_id, hole_number, par, stroke_index) VALUES ('h_api_18355_blue_16','tee_api_18355_blue',16,4,11);
INSERT OR REPLACE INTO holes (id, tee_id, hole_number, par, stroke_index) VALUES ('h_api_18355_blue_17','tee_api_18355_blue',17,3,13);
INSERT OR REPLACE INTO holes (id, tee_id, hole_number, par, stroke_index) VALUES ('h_api_18355_blue_18','tee_api_18355_blue',18,5,3);
INSERT OR REPLACE INTO tees (id, course_id, name, gender, course_rating, slope_rating, par, front_course_rating, front_slope_rating, front_par, back_course_rating, back_slope_rating, back_par) VALUES ('tee_api_18355_bluewhite','course_api_18355','Blue/White','M',71.7,131,72,36.4,135,36,35.3,126,36);
INSERT OR REPLACE INTO holes (id, tee_id, hole_number, par, stroke_index) VALUES ('h_api_18355_bluewhite_01','tee_api_18355_bluewhite',1,4,4);
INSERT OR REPLACE INTO holes (id, tee_id, hole_number, par, stroke_index) VALUES ('h_api_18355_bluewhite_02','tee_api_18355_bluewhite',2,5,6);
INSERT OR REPLACE INTO holes (id, tee_id, hole_number, par, stroke_index) VALUES ('h_api_18355_bluewhite_03','tee_api_18355_bluewhite',3,4,14);
INSERT OR REPLACE INTO holes (id, tee_id, hole_number, par, stroke_index) VALUES ('h_api_18355_bluewhite_04','tee_api_18355_bluewhite',4,3,12);
INSERT OR REPLACE INTO holes (id, tee_id, hole_number, par, stroke_index) VALUES ('h_api_18355_bluewhite_05','tee_api_18355_bluewhite',5,4,10);
INSERT OR REPLACE INTO holes (id, tee_id, hole_number, par, stroke_index) VALUES ('h_api_18355_bluewhite_06','tee_api_18355_bluewhite',6,4,16);
INSERT OR REPLACE INTO holes (id, tee_id, hole_number, par, stroke_index) VALUES ('h_api_18355_bluewhite_07','tee_api_18355_bluewhite',7,5,2);
INSERT OR REPLACE INTO holes (id, tee_id, hole_number, par, stroke_index) VALUES ('h_api_18355_bluewhite_08','tee_api_18355_bluewhite',8,3,18);
INSERT OR REPLACE INTO holes (id, tee_id, hole_number, par, stroke_index) VALUES ('h_api_18355_bluewhite_09','tee_api_18355_bluewhite',9,4,8);
INSERT OR REPLACE INTO holes (id, tee_id, hole_number, par, stroke_index) VALUES ('h_api_18355_bluewhite_10','tee_api_18355_bluewhite',10,4,9);
INSERT OR REPLACE INTO holes (id, tee_id, hole_number, par, stroke_index) VALUES ('h_api_18355_bluewhite_11','tee_api_18355_bluewhite',11,5,5);
INSERT OR REPLACE INTO holes (id, tee_id, hole_number, par, stroke_index) VALUES ('h_api_18355_bluewhite_12','tee_api_18355_bluewhite',12,3,15);
INSERT OR REPLACE INTO holes (id, tee_id, hole_number, par, stroke_index) VALUES ('h_api_18355_bluewhite_13','tee_api_18355_bluewhite',13,4,7);
INSERT OR REPLACE INTO holes (id, tee_id, hole_number, par, stroke_index) VALUES ('h_api_18355_bluewhite_14','tee_api_18355_bluewhite',14,3,17);
INSERT OR REPLACE INTO holes (id, tee_id, hole_number, par, stroke_index) VALUES ('h_api_18355_bluewhite_15','tee_api_18355_bluewhite',15,5,1);
INSERT OR REPLACE INTO holes (id, tee_id, hole_number, par, stroke_index) VALUES ('h_api_18355_bluewhite_16','tee_api_18355_bluewhite',16,4,11);
INSERT OR REPLACE INTO holes (id, tee_id, hole_number, par, stroke_index) VALUES ('h_api_18355_bluewhite_17','tee_api_18355_bluewhite',17,3,13);
INSERT OR REPLACE INTO holes (id, tee_id, hole_number, par, stroke_index) VALUES ('h_api_18355_bluewhite_18','tee_api_18355_bluewhite',18,5,3);
INSERT OR REPLACE INTO tees (id, course_id, name, gender, course_rating, slope_rating, par, front_course_rating, front_slope_rating, front_par, back_course_rating, back_slope_rating, back_par) VALUES ('tee_api_18355_white','course_api_18355','White','M',70,129,72,35.5,139,36,34.5,119,36);
INSERT OR REPLACE INTO holes (id, tee_id, hole_number, par, stroke_index) VALUES ('h_api_18355_white_01','tee_api_18355_white',1,4,4);
INSERT OR REPLACE INTO holes (id, tee_id, hole_number, par, stroke_index) VALUES ('h_api_18355_white_02','tee_api_18355_white',2,5,6);
INSERT OR REPLACE INTO holes (id, tee_id, hole_number, par, stroke_index) VALUES ('h_api_18355_white_03','tee_api_18355_white',3,4,14);
INSERT OR REPLACE INTO holes (id, tee_id, hole_number, par, stroke_index) VALUES ('h_api_18355_white_04','tee_api_18355_white',4,3,12);
INSERT OR REPLACE INTO holes (id, tee_id, hole_number, par, stroke_index) VALUES ('h_api_18355_white_05','tee_api_18355_white',5,4,10);
INSERT OR REPLACE INTO holes (id, tee_id, hole_number, par, stroke_index) VALUES ('h_api_18355_white_06','tee_api_18355_white',6,4,16);
INSERT OR REPLACE INTO holes (id, tee_id, hole_number, par, stroke_index) VALUES ('h_api_18355_white_07','tee_api_18355_white',7,5,2);
INSERT OR REPLACE INTO holes (id, tee_id, hole_number, par, stroke_index) VALUES ('h_api_18355_white_08','tee_api_18355_white',8,3,18);
INSERT OR REPLACE INTO holes (id, tee_id, hole_number, par, stroke_index) VALUES ('h_api_18355_white_09','tee_api_18355_white',9,4,8);
INSERT OR REPLACE INTO holes (id, tee_id, hole_number, par, stroke_index) VALUES ('h_api_18355_white_10','tee_api_18355_white',10,4,9);
INSERT OR REPLACE INTO holes (id, tee_id, hole_number, par, stroke_index) VALUES ('h_api_18355_white_11','tee_api_18355_white',11,5,5);
INSERT OR REPLACE INTO holes (id, tee_id, hole_number, par, stroke_index) VALUES ('h_api_18355_white_12','tee_api_18355_white',12,3,15);
INSERT OR REPLACE INTO holes (id, tee_id, hole_number, par, stroke_index) VALUES ('h_api_18355_white_13','tee_api_18355_white',13,4,7);
INSERT OR REPLACE INTO holes (id, tee_id, hole_number, par, stroke_index) VALUES ('h_api_18355_white_14','tee_api_18355_white',14,3,17);
INSERT OR REPLACE INTO holes (id, tee_id, hole_number, par, stroke_index) VALUES ('h_api_18355_white_15','tee_api_18355_white',15,5,1);
INSERT OR REPLACE INTO holes (id, tee_id, hole_number, par, stroke_index) VALUES ('h_api_18355_white_16','tee_api_18355_white',16,4,11);
INSERT OR REPLACE INTO holes (id, tee_id, hole_number, par, stroke_index) VALUES ('h_api_18355_white_17','tee_api_18355_white',17,3,13);
INSERT OR REPLACE INTO holes (id, tee_id, hole_number, par, stroke_index) VALUES ('h_api_18355_white_18','tee_api_18355_white',18,5,3);
INSERT OR REPLACE INTO tees (id, course_id, name, gender, course_rating, slope_rating, par, front_course_rating, front_slope_rating, front_par, back_course_rating, back_slope_rating, back_par) VALUES ('tee_api_18355_green','course_api_18355','Green','M',66.9,115,72,34.1,122,36,32.8,108,36);
INSERT OR REPLACE INTO holes (id, tee_id, hole_number, par, stroke_index) VALUES ('h_api_18355_green_01','tee_api_18355_green',1,4,4);
INSERT OR REPLACE INTO holes (id, tee_id, hole_number, par, stroke_index) VALUES ('h_api_18355_green_02','tee_api_18355_green',2,5,6);
INSERT OR REPLACE INTO holes (id, tee_id, hole_number, par, stroke_index) VALUES ('h_api_18355_green_03','tee_api_18355_green',3,4,14);
INSERT OR REPLACE INTO holes (id, tee_id, hole_number, par, stroke_index) VALUES ('h_api_18355_green_04','tee_api_18355_green',4,3,12);
INSERT OR REPLACE INTO holes (id, tee_id, hole_number, par, stroke_index) VALUES ('h_api_18355_green_05','tee_api_18355_green',5,4,10);
INSERT OR REPLACE INTO holes (id, tee_id, hole_number, par, stroke_index) VALUES ('h_api_18355_green_06','tee_api_18355_green',6,4,16);
INSERT OR REPLACE INTO holes (id, tee_id, hole_number, par, stroke_index) VALUES ('h_api_18355_green_07','tee_api_18355_green',7,5,2);
INSERT OR REPLACE INTO holes (id, tee_id, hole_number, par, stroke_index) VALUES ('h_api_18355_green_08','tee_api_18355_green',8,3,18);
INSERT OR REPLACE INTO holes (id, tee_id, hole_number, par, stroke_index) VALUES ('h_api_18355_green_09','tee_api_18355_green',9,4,8);
INSERT OR REPLACE INTO holes (id, tee_id, hole_number, par, stroke_index) VALUES ('h_api_18355_green_10','tee_api_18355_green',10,4,9);
INSERT OR REPLACE INTO holes (id, tee_id, hole_number, par, stroke_index) VALUES ('h_api_18355_green_11','tee_api_18355_green',11,5,5);
INSERT OR REPLACE INTO holes (id, tee_id, hole_number, par, stroke_index) VALUES ('h_api_18355_green_12','tee_api_18355_green',12,3,15);
INSERT OR REPLACE INTO holes (id, tee_id, hole_number, par, stroke_index) VALUES ('h_api_18355_green_13','tee_api_18355_green',13,4,7);
INSERT OR REPLACE INTO holes (id, tee_id, hole_number, par, stroke_index) VALUES ('h_api_18355_green_14','tee_api_18355_green',14,3,17);
INSERT OR REPLACE INTO holes (id, tee_id, hole_number, par, stroke_index) VALUES ('h_api_18355_green_15','tee_api_18355_green',15,5,1);
INSERT OR REPLACE INTO holes (id, tee_id, hole_number, par, stroke_index) VALUES ('h_api_18355_green_16','tee_api_18355_green',16,4,11);
INSERT OR REPLACE INTO holes (id, tee_id, hole_number, par, stroke_index) VALUES ('h_api_18355_green_17','tee_api_18355_green',17,3,13);
INSERT OR REPLACE INTO holes (id, tee_id, hole_number, par, stroke_index) VALUES ('h_api_18355_green_18','tee_api_18355_green',18,5,3);
INSERT OR REPLACE INTO tees (id, course_id, name, gender, course_rating, slope_rating, par, front_course_rating, front_slope_rating, front_par, back_course_rating, back_slope_rating, back_par) VALUES ('tee_api_18355_yellow','course_api_18355','Yellow','M',64,110,71,32.4,108,36,31.6,112,35);
INSERT OR REPLACE INTO holes (id, tee_id, hole_number, par, stroke_index) VALUES ('h_api_18355_yellow_01','tee_api_18355_yellow',1,4,4);
INSERT OR REPLACE INTO holes (id, tee_id, hole_number, par, stroke_index) VALUES ('h_api_18355_yellow_02','tee_api_18355_yellow',2,5,6);
INSERT OR REPLACE INTO holes (id, tee_id, hole_number, par, stroke_index) VALUES ('h_api_18355_yellow_03','tee_api_18355_yellow',3,4,14);
INSERT OR REPLACE INTO holes (id, tee_id, hole_number, par, stroke_index) VALUES ('h_api_18355_yellow_04','tee_api_18355_yellow',4,3,12);
INSERT OR REPLACE INTO holes (id, tee_id, hole_number, par, stroke_index) VALUES ('h_api_18355_yellow_05','tee_api_18355_yellow',5,4,10);
INSERT OR REPLACE INTO holes (id, tee_id, hole_number, par, stroke_index) VALUES ('h_api_18355_yellow_06','tee_api_18355_yellow',6,4,16);
INSERT OR REPLACE INTO holes (id, tee_id, hole_number, par, stroke_index) VALUES ('h_api_18355_yellow_07','tee_api_18355_yellow',7,5,2);
INSERT OR REPLACE INTO holes (id, tee_id, hole_number, par, stroke_index) VALUES ('h_api_18355_yellow_08','tee_api_18355_yellow',8,3,18);
INSERT OR REPLACE INTO holes (id, tee_id, hole_number, par, stroke_index) VALUES ('h_api_18355_yellow_09','tee_api_18355_yellow',9,4,8);
INSERT OR REPLACE INTO holes (id, tee_id, hole_number, par, stroke_index) VALUES ('h_api_18355_yellow_10','tee_api_18355_yellow',10,4,9);
INSERT OR REPLACE INTO holes (id, tee_id, hole_number, par, stroke_index) VALUES ('h_api_18355_yellow_11','tee_api_18355_yellow',11,5,5);
INSERT OR REPLACE INTO holes (id, tee_id, hole_number, par, stroke_index) VALUES ('h_api_18355_yellow_12','tee_api_18355_yellow',12,3,15);
INSERT OR REPLACE INTO holes (id, tee_id, hole_number, par, stroke_index) VALUES ('h_api_18355_yellow_13','tee_api_18355_yellow',13,3,7);
INSERT OR REPLACE INTO holes (id, tee_id, hole_number, par, stroke_index) VALUES ('h_api_18355_yellow_14','tee_api_18355_yellow',14,3,17);
INSERT OR REPLACE INTO holes (id, tee_id, hole_number, par, stroke_index) VALUES ('h_api_18355_yellow_15','tee_api_18355_yellow',15,5,1);
INSERT OR REPLACE INTO holes (id, tee_id, hole_number, par, stroke_index) VALUES ('h_api_18355_yellow_16','tee_api_18355_yellow',16,4,11);
INSERT OR REPLACE INTO holes (id, tee_id, hole_number, par, stroke_index) VALUES ('h_api_18355_yellow_17','tee_api_18355_yellow',17,3,13);
INSERT OR REPLACE INTO holes (id, tee_id, hole_number, par, stroke_index) VALUES ('h_api_18355_yellow_18','tee_api_18355_yellow',18,5,3);

INSERT OR REPLACE INTO courses (id, name, city, state, latitude, longitude, created_at) VALUES ('course_api_18084','Shadow Glen Golf Club','Olathe','KS',38.9384,-94.888176,'2026-06-09T00:00:00.000Z');
INSERT OR REPLACE INTO tees (id, course_id, name, gender, course_rating, slope_rating, par, front_course_rating, front_slope_rating, front_par, back_course_rating, back_slope_rating, back_par) VALUES ('tee_api_18084_black','course_api_18084','Black','M',74.6,136,72,37.1,138,36,37.5,133,36);
INSERT OR REPLACE INTO holes (id, tee_id, hole_number, par, stroke_index) VALUES ('h_api_18084_black_01','tee_api_18084_black',1,4,6);
INSERT OR REPLACE INTO holes (id, tee_id, hole_number, par, stroke_index) VALUES ('h_api_18084_black_02','tee_api_18084_black',2,5,10);
INSERT OR REPLACE INTO holes (id, tee_id, hole_number, par, stroke_index) VALUES ('h_api_18084_black_03','tee_api_18084_black',3,4,14);
INSERT OR REPLACE INTO holes (id, tee_id, hole_number, par, stroke_index) VALUES ('h_api_18084_black_04','tee_api_18084_black',4,3,18);
INSERT OR REPLACE INTO holes (id, tee_id, hole_number, par, stroke_index) VALUES ('h_api_18084_black_05','tee_api_18084_black',5,5,4);
INSERT OR REPLACE INTO holes (id, tee_id, hole_number, par, stroke_index) VALUES ('h_api_18084_black_06','tee_api_18084_black',6,4,2);
INSERT OR REPLACE INTO holes (id, tee_id, hole_number, par, stroke_index) VALUES ('h_api_18084_black_07','tee_api_18084_black',7,4,12);
INSERT OR REPLACE INTO holes (id, tee_id, hole_number, par, stroke_index) VALUES ('h_api_18084_black_08','tee_api_18084_black',8,3,16);
INSERT OR REPLACE INTO holes (id, tee_id, hole_number, par, stroke_index) VALUES ('h_api_18084_black_09','tee_api_18084_black',9,4,8);
INSERT OR REPLACE INTO holes (id, tee_id, hole_number, par, stroke_index) VALUES ('h_api_18084_black_10','tee_api_18084_black',10,5,1);
INSERT OR REPLACE INTO holes (id, tee_id, hole_number, par, stroke_index) VALUES ('h_api_18084_black_11','tee_api_18084_black',11,4,7);
INSERT OR REPLACE INTO holes (id, tee_id, hole_number, par, stroke_index) VALUES ('h_api_18084_black_12','tee_api_18084_black',12,3,15);
INSERT OR REPLACE INTO holes (id, tee_id, hole_number, par, stroke_index) VALUES ('h_api_18084_black_13','tee_api_18084_black',13,4,3);
INSERT OR REPLACE INTO holes (id, tee_id, hole_number, par, stroke_index) VALUES ('h_api_18084_black_14','tee_api_18084_black',14,4,13);
INSERT OR REPLACE INTO holes (id, tee_id, hole_number, par, stroke_index) VALUES ('h_api_18084_black_15','tee_api_18084_black',15,3,17);
INSERT OR REPLACE INTO holes (id, tee_id, hole_number, par, stroke_index) VALUES ('h_api_18084_black_16','tee_api_18084_black',16,4,5);
INSERT OR REPLACE INTO holes (id, tee_id, hole_number, par, stroke_index) VALUES ('h_api_18084_black_17','tee_api_18084_black',17,4,9);
INSERT OR REPLACE INTO holes (id, tee_id, hole_number, par, stroke_index) VALUES ('h_api_18084_black_18','tee_api_18084_black',18,5,11);
INSERT OR REPLACE INTO tees (id, course_id, name, gender, course_rating, slope_rating, par, front_course_rating, front_slope_rating, front_par, back_course_rating, back_slope_rating, back_par) VALUES ('tee_api_18084_blackgreencombo','course_api_18084','Black/Green Combo','M',73.2,134,72,36.4,136,36,36.8,131,36);
INSERT OR REPLACE INTO holes (id, tee_id, hole_number, par, stroke_index) VALUES ('h_api_18084_blackgreencombo_01','tee_api_18084_blackgreencombo',1,4,6);
INSERT OR REPLACE INTO holes (id, tee_id, hole_number, par, stroke_index) VALUES ('h_api_18084_blackgreencombo_02','tee_api_18084_blackgreencombo',2,5,10);
INSERT OR REPLACE INTO holes (id, tee_id, hole_number, par, stroke_index) VALUES ('h_api_18084_blackgreencombo_03','tee_api_18084_blackgreencombo',3,4,14);
INSERT OR REPLACE INTO holes (id, tee_id, hole_number, par, stroke_index) VALUES ('h_api_18084_blackgreencombo_04','tee_api_18084_blackgreencombo',4,3,18);
INSERT OR REPLACE INTO holes (id, tee_id, hole_number, par, stroke_index) VALUES ('h_api_18084_blackgreencombo_05','tee_api_18084_blackgreencombo',5,5,4);
INSERT OR REPLACE INTO holes (id, tee_id, hole_number, par, stroke_index) VALUES ('h_api_18084_blackgreencombo_06','tee_api_18084_blackgreencombo',6,4,2);
INSERT OR REPLACE INTO holes (id, tee_id, hole_number, par, stroke_index) VALUES ('h_api_18084_blackgreencombo_07','tee_api_18084_blackgreencombo',7,4,12);
INSERT OR REPLACE INTO holes (id, tee_id, hole_number, par, stroke_index) VALUES ('h_api_18084_blackgreencombo_08','tee_api_18084_blackgreencombo',8,3,16);
INSERT OR REPLACE INTO holes (id, tee_id, hole_number, par, stroke_index) VALUES ('h_api_18084_blackgreencombo_09','tee_api_18084_blackgreencombo',9,4,8);
INSERT OR REPLACE INTO holes (id, tee_id, hole_number, par, stroke_index) VALUES ('h_api_18084_blackgreencombo_10','tee_api_18084_blackgreencombo',10,5,1);
INSERT OR REPLACE INTO holes (id, tee_id, hole_number, par, stroke_index) VALUES ('h_api_18084_blackgreencombo_11','tee_api_18084_blackgreencombo',11,4,7);
INSERT OR REPLACE INTO holes (id, tee_id, hole_number, par, stroke_index) VALUES ('h_api_18084_blackgreencombo_12','tee_api_18084_blackgreencombo',12,3,15);
INSERT OR REPLACE INTO holes (id, tee_id, hole_number, par, stroke_index) VALUES ('h_api_18084_blackgreencombo_13','tee_api_18084_blackgreencombo',13,4,3);
INSERT OR REPLACE INTO holes (id, tee_id, hole_number, par, stroke_index) VALUES ('h_api_18084_blackgreencombo_14','tee_api_18084_blackgreencombo',14,4,13);
INSERT OR REPLACE INTO holes (id, tee_id, hole_number, par, stroke_index) VALUES ('h_api_18084_blackgreencombo_15','tee_api_18084_blackgreencombo',15,3,17);
INSERT OR REPLACE INTO holes (id, tee_id, hole_number, par, stroke_index) VALUES ('h_api_18084_blackgreencombo_16','tee_api_18084_blackgreencombo',16,4,5);
INSERT OR REPLACE INTO holes (id, tee_id, hole_number, par, stroke_index) VALUES ('h_api_18084_blackgreencombo_17','tee_api_18084_blackgreencombo',17,4,9);
INSERT OR REPLACE INTO holes (id, tee_id, hole_number, par, stroke_index) VALUES ('h_api_18084_blackgreencombo_18','tee_api_18084_blackgreencombo',18,5,11);
INSERT OR REPLACE INTO tees (id, course_id, name, gender, course_rating, slope_rating, par, front_course_rating, front_slope_rating, front_par, back_course_rating, back_slope_rating, back_par) VALUES ('tee_api_18084_green','course_api_18084','Green','M',72.4,132,72,36,133,36,36.4,130,36);
INSERT OR REPLACE INTO holes (id, tee_id, hole_number, par, stroke_index) VALUES ('h_api_18084_green_01','tee_api_18084_green',1,4,6);
INSERT OR REPLACE INTO holes (id, tee_id, hole_number, par, stroke_index) VALUES ('h_api_18084_green_02','tee_api_18084_green',2,5,10);
INSERT OR REPLACE INTO holes (id, tee_id, hole_number, par, stroke_index) VALUES ('h_api_18084_green_03','tee_api_18084_green',3,4,14);
INSERT OR REPLACE INTO holes (id, tee_id, hole_number, par, stroke_index) VALUES ('h_api_18084_green_04','tee_api_18084_green',4,3,18);
INSERT OR REPLACE INTO holes (id, tee_id, hole_number, par, stroke_index) VALUES ('h_api_18084_green_05','tee_api_18084_green',5,5,4);
INSERT OR REPLACE INTO holes (id, tee_id, hole_number, par, stroke_index) VALUES ('h_api_18084_green_06','tee_api_18084_green',6,4,2);
INSERT OR REPLACE INTO holes (id, tee_id, hole_number, par, stroke_index) VALUES ('h_api_18084_green_07','tee_api_18084_green',7,4,12);
INSERT OR REPLACE INTO holes (id, tee_id, hole_number, par, stroke_index) VALUES ('h_api_18084_green_08','tee_api_18084_green',8,3,16);
INSERT OR REPLACE INTO holes (id, tee_id, hole_number, par, stroke_index) VALUES ('h_api_18084_green_09','tee_api_18084_green',9,4,8);
INSERT OR REPLACE INTO holes (id, tee_id, hole_number, par, stroke_index) VALUES ('h_api_18084_green_10','tee_api_18084_green',10,5,1);
INSERT OR REPLACE INTO holes (id, tee_id, hole_number, par, stroke_index) VALUES ('h_api_18084_green_11','tee_api_18084_green',11,4,7);
INSERT OR REPLACE INTO holes (id, tee_id, hole_number, par, stroke_index) VALUES ('h_api_18084_green_12','tee_api_18084_green',12,3,15);
INSERT OR REPLACE INTO holes (id, tee_id, hole_number, par, stroke_index) VALUES ('h_api_18084_green_13','tee_api_18084_green',13,4,3);
INSERT OR REPLACE INTO holes (id, tee_id, hole_number, par, stroke_index) VALUES ('h_api_18084_green_14','tee_api_18084_green',14,4,13);
INSERT OR REPLACE INTO holes (id, tee_id, hole_number, par, stroke_index) VALUES ('h_api_18084_green_15','tee_api_18084_green',15,3,17);
INSERT OR REPLACE INTO holes (id, tee_id, hole_number, par, stroke_index) VALUES ('h_api_18084_green_16','tee_api_18084_green',16,4,5);
INSERT OR REPLACE INTO holes (id, tee_id, hole_number, par, stroke_index) VALUES ('h_api_18084_green_17','tee_api_18084_green',17,4,9);
INSERT OR REPLACE INTO holes (id, tee_id, hole_number, par, stroke_index) VALUES ('h_api_18084_green_18','tee_api_18084_green',18,5,11);
INSERT OR REPLACE INTO tees (id, course_id, name, gender, course_rating, slope_rating, par, front_course_rating, front_slope_rating, front_par, back_course_rating, back_slope_rating, back_par) VALUES ('tee_api_18084_greensilvercombo','course_api_18084','Green/Silver Combo','M',70.9,127,72,35.4,126,36,35.5,128,36);
INSERT OR REPLACE INTO holes (id, tee_id, hole_number, par, stroke_index) VALUES ('h_api_18084_greensilvercombo_01','tee_api_18084_greensilvercombo',1,4,6);
INSERT OR REPLACE INTO holes (id, tee_id, hole_number, par, stroke_index) VALUES ('h_api_18084_greensilvercombo_02','tee_api_18084_greensilvercombo',2,5,10);
INSERT OR REPLACE INTO holes (id, tee_id, hole_number, par, stroke_index) VALUES ('h_api_18084_greensilvercombo_03','tee_api_18084_greensilvercombo',3,4,14);
INSERT OR REPLACE INTO holes (id, tee_id, hole_number, par, stroke_index) VALUES ('h_api_18084_greensilvercombo_04','tee_api_18084_greensilvercombo',4,3,18);
INSERT OR REPLACE INTO holes (id, tee_id, hole_number, par, stroke_index) VALUES ('h_api_18084_greensilvercombo_05','tee_api_18084_greensilvercombo',5,5,4);
INSERT OR REPLACE INTO holes (id, tee_id, hole_number, par, stroke_index) VALUES ('h_api_18084_greensilvercombo_06','tee_api_18084_greensilvercombo',6,4,2);
INSERT OR REPLACE INTO holes (id, tee_id, hole_number, par, stroke_index) VALUES ('h_api_18084_greensilvercombo_07','tee_api_18084_greensilvercombo',7,4,12);
INSERT OR REPLACE INTO holes (id, tee_id, hole_number, par, stroke_index) VALUES ('h_api_18084_greensilvercombo_08','tee_api_18084_greensilvercombo',8,3,16);
INSERT OR REPLACE INTO holes (id, tee_id, hole_number, par, stroke_index) VALUES ('h_api_18084_greensilvercombo_09','tee_api_18084_greensilvercombo',9,4,8);
INSERT OR REPLACE INTO holes (id, tee_id, hole_number, par, stroke_index) VALUES ('h_api_18084_greensilvercombo_10','tee_api_18084_greensilvercombo',10,5,1);
INSERT OR REPLACE INTO holes (id, tee_id, hole_number, par, stroke_index) VALUES ('h_api_18084_greensilvercombo_11','tee_api_18084_greensilvercombo',11,4,7);
INSERT OR REPLACE INTO holes (id, tee_id, hole_number, par, stroke_index) VALUES ('h_api_18084_greensilvercombo_12','tee_api_18084_greensilvercombo',12,3,15);
INSERT OR REPLACE INTO holes (id, tee_id, hole_number, par, stroke_index) VALUES ('h_api_18084_greensilvercombo_13','tee_api_18084_greensilvercombo',13,4,3);
INSERT OR REPLACE INTO holes (id, tee_id, hole_number, par, stroke_index) VALUES ('h_api_18084_greensilvercombo_14','tee_api_18084_greensilvercombo',14,4,13);
INSERT OR REPLACE INTO holes (id, tee_id, hole_number, par, stroke_index) VALUES ('h_api_18084_greensilvercombo_15','tee_api_18084_greensilvercombo',15,3,17);
INSERT OR REPLACE INTO holes (id, tee_id, hole_number, par, stroke_index) VALUES ('h_api_18084_greensilvercombo_16','tee_api_18084_greensilvercombo',16,4,5);
INSERT OR REPLACE INTO holes (id, tee_id, hole_number, par, stroke_index) VALUES ('h_api_18084_greensilvercombo_17','tee_api_18084_greensilvercombo',17,4,9);
INSERT OR REPLACE INTO holes (id, tee_id, hole_number, par, stroke_index) VALUES ('h_api_18084_greensilvercombo_18','tee_api_18084_greensilvercombo',18,5,11);
INSERT OR REPLACE INTO tees (id, course_id, name, gender, course_rating, slope_rating, par, front_course_rating, front_slope_rating, front_par, back_course_rating, back_slope_rating, back_par) VALUES ('tee_api_18084_silver','course_api_18084','Silver','M',70.1,126,72,34.9,125,36,35.2,127,36);
INSERT OR REPLACE INTO holes (id, tee_id, hole_number, par, stroke_index) VALUES ('h_api_18084_silver_01','tee_api_18084_silver',1,4,6);
INSERT OR REPLACE INTO holes (id, tee_id, hole_number, par, stroke_index) VALUES ('h_api_18084_silver_02','tee_api_18084_silver',2,5,10);
INSERT OR REPLACE INTO holes (id, tee_id, hole_number, par, stroke_index) VALUES ('h_api_18084_silver_03','tee_api_18084_silver',3,4,14);
INSERT OR REPLACE INTO holes (id, tee_id, hole_number, par, stroke_index) VALUES ('h_api_18084_silver_04','tee_api_18084_silver',4,3,18);
INSERT OR REPLACE INTO holes (id, tee_id, hole_number, par, stroke_index) VALUES ('h_api_18084_silver_05','tee_api_18084_silver',5,5,4);
INSERT OR REPLACE INTO holes (id, tee_id, hole_number, par, stroke_index) VALUES ('h_api_18084_silver_06','tee_api_18084_silver',6,4,2);
INSERT OR REPLACE INTO holes (id, tee_id, hole_number, par, stroke_index) VALUES ('h_api_18084_silver_07','tee_api_18084_silver',7,4,12);
INSERT OR REPLACE INTO holes (id, tee_id, hole_number, par, stroke_index) VALUES ('h_api_18084_silver_08','tee_api_18084_silver',8,3,16);
INSERT OR REPLACE INTO holes (id, tee_id, hole_number, par, stroke_index) VALUES ('h_api_18084_silver_09','tee_api_18084_silver',9,4,8);
INSERT OR REPLACE INTO holes (id, tee_id, hole_number, par, stroke_index) VALUES ('h_api_18084_silver_10','tee_api_18084_silver',10,5,1);
INSERT OR REPLACE INTO holes (id, tee_id, hole_number, par, stroke_index) VALUES ('h_api_18084_silver_11','tee_api_18084_silver',11,4,7);
INSERT OR REPLACE INTO holes (id, tee_id, hole_number, par, stroke_index) VALUES ('h_api_18084_silver_12','tee_api_18084_silver',12,3,15);
INSERT OR REPLACE INTO holes (id, tee_id, hole_number, par, stroke_index) VALUES ('h_api_18084_silver_13','tee_api_18084_silver',13,4,3);
INSERT OR REPLACE INTO holes (id, tee_id, hole_number, par, stroke_index) VALUES ('h_api_18084_silver_14','tee_api_18084_silver',14,4,13);
INSERT OR REPLACE INTO holes (id, tee_id, hole_number, par, stroke_index) VALUES ('h_api_18084_silver_15','tee_api_18084_silver',15,3,17);
INSERT OR REPLACE INTO holes (id, tee_id, hole_number, par, stroke_index) VALUES ('h_api_18084_silver_16','tee_api_18084_silver',16,4,5);
INSERT OR REPLACE INTO holes (id, tee_id, hole_number, par, stroke_index) VALUES ('h_api_18084_silver_17','tee_api_18084_silver',17,4,9);
INSERT OR REPLACE INTO holes (id, tee_id, hole_number, par, stroke_index) VALUES ('h_api_18084_silver_18','tee_api_18084_silver',18,5,11);
INSERT OR REPLACE INTO tees (id, course_id, name, gender, course_rating, slope_rating, par, front_course_rating, front_slope_rating, front_par, back_course_rating, back_slope_rating, back_par) VALUES ('tee_api_18084_silvergoldcombo','course_api_18084','Silver/Gold Combo','M',68.4,124,72,34,122,36,34.4,125,36);
INSERT OR REPLACE INTO holes (id, tee_id, hole_number, par, stroke_index) VALUES ('h_api_18084_silvergoldcombo_01','tee_api_18084_silvergoldcombo',1,4,6);
INSERT OR REPLACE INTO holes (id, tee_id, hole_number, par, stroke_index) VALUES ('h_api_18084_silvergoldcombo_02','tee_api_18084_silvergoldcombo',2,5,10);
INSERT OR REPLACE INTO holes (id, tee_id, hole_number, par, stroke_index) VALUES ('h_api_18084_silvergoldcombo_03','tee_api_18084_silvergoldcombo',3,4,14);
INSERT OR REPLACE INTO holes (id, tee_id, hole_number, par, stroke_index) VALUES ('h_api_18084_silvergoldcombo_04','tee_api_18084_silvergoldcombo',4,3,18);
INSERT OR REPLACE INTO holes (id, tee_id, hole_number, par, stroke_index) VALUES ('h_api_18084_silvergoldcombo_05','tee_api_18084_silvergoldcombo',5,5,4);
INSERT OR REPLACE INTO holes (id, tee_id, hole_number, par, stroke_index) VALUES ('h_api_18084_silvergoldcombo_06','tee_api_18084_silvergoldcombo',6,4,2);
INSERT OR REPLACE INTO holes (id, tee_id, hole_number, par, stroke_index) VALUES ('h_api_18084_silvergoldcombo_07','tee_api_18084_silvergoldcombo',7,4,12);
INSERT OR REPLACE INTO holes (id, tee_id, hole_number, par, stroke_index) VALUES ('h_api_18084_silvergoldcombo_08','tee_api_18084_silvergoldcombo',8,3,16);
INSERT OR REPLACE INTO holes (id, tee_id, hole_number, par, stroke_index) VALUES ('h_api_18084_silvergoldcombo_09','tee_api_18084_silvergoldcombo',9,4,8);
INSERT OR REPLACE INTO holes (id, tee_id, hole_number, par, stroke_index) VALUES ('h_api_18084_silvergoldcombo_10','tee_api_18084_silvergoldcombo',10,5,1);
INSERT OR REPLACE INTO holes (id, tee_id, hole_number, par, stroke_index) VALUES ('h_api_18084_silvergoldcombo_11','tee_api_18084_silvergoldcombo',11,4,7);
INSERT OR REPLACE INTO holes (id, tee_id, hole_number, par, stroke_index) VALUES ('h_api_18084_silvergoldcombo_12','tee_api_18084_silvergoldcombo',12,3,15);
INSERT OR REPLACE INTO holes (id, tee_id, hole_number, par, stroke_index) VALUES ('h_api_18084_silvergoldcombo_13','tee_api_18084_silvergoldcombo',13,4,3);
INSERT OR REPLACE INTO holes (id, tee_id, hole_number, par, stroke_index) VALUES ('h_api_18084_silvergoldcombo_14','tee_api_18084_silvergoldcombo',14,4,13);
INSERT OR REPLACE INTO holes (id, tee_id, hole_number, par, stroke_index) VALUES ('h_api_18084_silvergoldcombo_15','tee_api_18084_silvergoldcombo',15,3,17);
INSERT OR REPLACE INTO holes (id, tee_id, hole_number, par, stroke_index) VALUES ('h_api_18084_silvergoldcombo_16','tee_api_18084_silvergoldcombo',16,4,5);
INSERT OR REPLACE INTO holes (id, tee_id, hole_number, par, stroke_index) VALUES ('h_api_18084_silvergoldcombo_17','tee_api_18084_silvergoldcombo',17,4,9);
INSERT OR REPLACE INTO holes (id, tee_id, hole_number, par, stroke_index) VALUES ('h_api_18084_silvergoldcombo_18','tee_api_18084_silvergoldcombo',18,5,11);
INSERT OR REPLACE INTO tees (id, course_id, name, gender, course_rating, slope_rating, par, front_course_rating, front_slope_rating, front_par, back_course_rating, back_slope_rating, back_par) VALUES ('tee_api_18084_gold','course_api_18084','Gold','M',67.1,120,72,33.1,117,36,34,122,36);
INSERT OR REPLACE INTO holes (id, tee_id, hole_number, par, stroke_index) VALUES ('h_api_18084_gold_01','tee_api_18084_gold',1,4,6);
INSERT OR REPLACE INTO holes (id, tee_id, hole_number, par, stroke_index) VALUES ('h_api_18084_gold_02','tee_api_18084_gold',2,5,10);
INSERT OR REPLACE INTO holes (id, tee_id, hole_number, par, stroke_index) VALUES ('h_api_18084_gold_03','tee_api_18084_gold',3,4,14);
INSERT OR REPLACE INTO holes (id, tee_id, hole_number, par, stroke_index) VALUES ('h_api_18084_gold_04','tee_api_18084_gold',4,3,18);
INSERT OR REPLACE INTO holes (id, tee_id, hole_number, par, stroke_index) VALUES ('h_api_18084_gold_05','tee_api_18084_gold',5,5,4);
INSERT OR REPLACE INTO holes (id, tee_id, hole_number, par, stroke_index) VALUES ('h_api_18084_gold_06','tee_api_18084_gold',6,4,2);
INSERT OR REPLACE INTO holes (id, tee_id, hole_number, par, stroke_index) VALUES ('h_api_18084_gold_07','tee_api_18084_gold',7,4,12);
INSERT OR REPLACE INTO holes (id, tee_id, hole_number, par, stroke_index) VALUES ('h_api_18084_gold_08','tee_api_18084_gold',8,3,16);
INSERT OR REPLACE INTO holes (id, tee_id, hole_number, par, stroke_index) VALUES ('h_api_18084_gold_09','tee_api_18084_gold',9,4,8);
INSERT OR REPLACE INTO holes (id, tee_id, hole_number, par, stroke_index) VALUES ('h_api_18084_gold_10','tee_api_18084_gold',10,5,1);
INSERT OR REPLACE INTO holes (id, tee_id, hole_number, par, stroke_index) VALUES ('h_api_18084_gold_11','tee_api_18084_gold',11,4,7);
INSERT OR REPLACE INTO holes (id, tee_id, hole_number, par, stroke_index) VALUES ('h_api_18084_gold_12','tee_api_18084_gold',12,3,15);
INSERT OR REPLACE INTO holes (id, tee_id, hole_number, par, stroke_index) VALUES ('h_api_18084_gold_13','tee_api_18084_gold',13,4,3);
INSERT OR REPLACE INTO holes (id, tee_id, hole_number, par, stroke_index) VALUES ('h_api_18084_gold_14','tee_api_18084_gold',14,4,13);
INSERT OR REPLACE INTO holes (id, tee_id, hole_number, par, stroke_index) VALUES ('h_api_18084_gold_15','tee_api_18084_gold',15,3,17);
INSERT OR REPLACE INTO holes (id, tee_id, hole_number, par, stroke_index) VALUES ('h_api_18084_gold_16','tee_api_18084_gold',16,4,5);
INSERT OR REPLACE INTO holes (id, tee_id, hole_number, par, stroke_index) VALUES ('h_api_18084_gold_17','tee_api_18084_gold',17,4,9);
INSERT OR REPLACE INTO holes (id, tee_id, hole_number, par, stroke_index) VALUES ('h_api_18084_gold_18','tee_api_18084_gold',18,5,11);
INSERT OR REPLACE INTO tees (id, course_id, name, gender, course_rating, slope_rating, par, front_course_rating, front_slope_rating, front_par, back_course_rating, back_slope_rating, back_par) VALUES ('tee_api_18084_red','course_api_18084','red','M',64.4,115,72,32.1,111,36,32.3,118,36);
INSERT OR REPLACE INTO holes (id, tee_id, hole_number, par, stroke_index) VALUES ('h_api_18084_red_01','tee_api_18084_red',1,4,6);
INSERT OR REPLACE INTO holes (id, tee_id, hole_number, par, stroke_index) VALUES ('h_api_18084_red_02','tee_api_18084_red',2,5,10);
INSERT OR REPLACE INTO holes (id, tee_id, hole_number, par, stroke_index) VALUES ('h_api_18084_red_03','tee_api_18084_red',3,4,14);
INSERT OR REPLACE INTO holes (id, tee_id, hole_number, par, stroke_index) VALUES ('h_api_18084_red_04','tee_api_18084_red',4,3,18);
INSERT OR REPLACE INTO holes (id, tee_id, hole_number, par, stroke_index) VALUES ('h_api_18084_red_05','tee_api_18084_red',5,5,4);
INSERT OR REPLACE INTO holes (id, tee_id, hole_number, par, stroke_index) VALUES ('h_api_18084_red_06','tee_api_18084_red',6,4,2);
INSERT OR REPLACE INTO holes (id, tee_id, hole_number, par, stroke_index) VALUES ('h_api_18084_red_07','tee_api_18084_red',7,4,12);
INSERT OR REPLACE INTO holes (id, tee_id, hole_number, par, stroke_index) VALUES ('h_api_18084_red_08','tee_api_18084_red',8,3,16);
INSERT OR REPLACE INTO holes (id, tee_id, hole_number, par, stroke_index) VALUES ('h_api_18084_red_09','tee_api_18084_red',9,4,8);
INSERT OR REPLACE INTO holes (id, tee_id, hole_number, par, stroke_index) VALUES ('h_api_18084_red_10','tee_api_18084_red',10,5,1);
INSERT OR REPLACE INTO holes (id, tee_id, hole_number, par, stroke_index) VALUES ('h_api_18084_red_11','tee_api_18084_red',11,4,7);
INSERT OR REPLACE INTO holes (id, tee_id, hole_number, par, stroke_index) VALUES ('h_api_18084_red_12','tee_api_18084_red',12,3,15);
INSERT OR REPLACE INTO holes (id, tee_id, hole_number, par, stroke_index) VALUES ('h_api_18084_red_13','tee_api_18084_red',13,4,3);
INSERT OR REPLACE INTO holes (id, tee_id, hole_number, par, stroke_index) VALUES ('h_api_18084_red_14','tee_api_18084_red',14,4,13);
INSERT OR REPLACE INTO holes (id, tee_id, hole_number, par, stroke_index) VALUES ('h_api_18084_red_15','tee_api_18084_red',15,3,17);
INSERT OR REPLACE INTO holes (id, tee_id, hole_number, par, stroke_index) VALUES ('h_api_18084_red_16','tee_api_18084_red',16,4,5);
INSERT OR REPLACE INTO holes (id, tee_id, hole_number, par, stroke_index) VALUES ('h_api_18084_red_17','tee_api_18084_red',17,4,9);
INSERT OR REPLACE INTO holes (id, tee_id, hole_number, par, stroke_index) VALUES ('h_api_18084_red_18','tee_api_18084_red',18,5,11);

INSERT OR REPLACE INTO courses (id, name, city, state, latitude, longitude, created_at) VALUES ('course_api_18229','Deer Creek Golf Club','Overland Park','KS',38.88873,-94.66623,'2026-06-09T00:00:00.000Z');
INSERT OR REPLACE INTO tees (id, course_id, name, gender, course_rating, slope_rating, par, front_course_rating, front_slope_rating, front_par, back_course_rating, back_slope_rating, back_par) VALUES ('tee_api_18229_black','course_api_18229','Black','M',73.5,139,72,36.9,136,36,36.6,141,36);
INSERT OR REPLACE INTO holes (id, tee_id, hole_number, par, stroke_index) VALUES ('h_api_18229_black_01','tee_api_18229_black',1,4,9);
INSERT OR REPLACE INTO holes (id, tee_id, hole_number, par, stroke_index) VALUES ('h_api_18229_black_02','tee_api_18229_black',2,4,13);
INSERT OR REPLACE INTO holes (id, tee_id, hole_number, par, stroke_index) VALUES ('h_api_18229_black_03','tee_api_18229_black',3,4,1);
INSERT OR REPLACE INTO holes (id, tee_id, hole_number, par, stroke_index) VALUES ('h_api_18229_black_04','tee_api_18229_black',4,3,11);
INSERT OR REPLACE INTO holes (id, tee_id, hole_number, par, stroke_index) VALUES ('h_api_18229_black_05','tee_api_18229_black',5,4,7);
INSERT OR REPLACE INTO holes (id, tee_id, hole_number, par, stroke_index) VALUES ('h_api_18229_black_06','tee_api_18229_black',6,5,5);
INSERT OR REPLACE INTO holes (id, tee_id, hole_number, par, stroke_index) VALUES ('h_api_18229_black_07','tee_api_18229_black',7,4,3);
INSERT OR REPLACE INTO holes (id, tee_id, hole_number, par, stroke_index) VALUES ('h_api_18229_black_08','tee_api_18229_black',8,3,17);
INSERT OR REPLACE INTO holes (id, tee_id, hole_number, par, stroke_index) VALUES ('h_api_18229_black_09','tee_api_18229_black',9,5,15);
INSERT OR REPLACE INTO holes (id, tee_id, hole_number, par, stroke_index) VALUES ('h_api_18229_black_10','tee_api_18229_black',10,4,4);
INSERT OR REPLACE INTO holes (id, tee_id, hole_number, par, stroke_index) VALUES ('h_api_18229_black_11','tee_api_18229_black',11,3,16);
INSERT OR REPLACE INTO holes (id, tee_id, hole_number, par, stroke_index) VALUES ('h_api_18229_black_12','tee_api_18229_black',12,5,8);
INSERT OR REPLACE INTO holes (id, tee_id, hole_number, par, stroke_index) VALUES ('h_api_18229_black_13','tee_api_18229_black',13,4,2);
INSERT OR REPLACE INTO holes (id, tee_id, hole_number, par, stroke_index) VALUES ('h_api_18229_black_14','tee_api_18229_black',14,4,18);
INSERT OR REPLACE INTO holes (id, tee_id, hole_number, par, stroke_index) VALUES ('h_api_18229_black_15','tee_api_18229_black',15,3,10);
INSERT OR REPLACE INTO holes (id, tee_id, hole_number, par, stroke_index) VALUES ('h_api_18229_black_16','tee_api_18229_black',16,4,14);
INSERT OR REPLACE INTO holes (id, tee_id, hole_number, par, stroke_index) VALUES ('h_api_18229_black_17','tee_api_18229_black',17,4,6);
INSERT OR REPLACE INTO holes (id, tee_id, hole_number, par, stroke_index) VALUES ('h_api_18229_black_18','tee_api_18229_black',18,5,12);
INSERT OR REPLACE INTO tees (id, course_id, name, gender, course_rating, slope_rating, par, front_course_rating, front_slope_rating, front_par, back_course_rating, back_slope_rating, back_par) VALUES ('tee_api_18229_white','course_api_18229','White','M',70.7,133,72,35.5,130,36,35.2,135,36);
INSERT OR REPLACE INTO holes (id, tee_id, hole_number, par, stroke_index) VALUES ('h_api_18229_white_01','tee_api_18229_white',1,4,9);
INSERT OR REPLACE INTO holes (id, tee_id, hole_number, par, stroke_index) VALUES ('h_api_18229_white_02','tee_api_18229_white',2,4,13);
INSERT OR REPLACE INTO holes (id, tee_id, hole_number, par, stroke_index) VALUES ('h_api_18229_white_03','tee_api_18229_white',3,4,1);
INSERT OR REPLACE INTO holes (id, tee_id, hole_number, par, stroke_index) VALUES ('h_api_18229_white_04','tee_api_18229_white',4,3,11);
INSERT OR REPLACE INTO holes (id, tee_id, hole_number, par, stroke_index) VALUES ('h_api_18229_white_05','tee_api_18229_white',5,4,7);
INSERT OR REPLACE INTO holes (id, tee_id, hole_number, par, stroke_index) VALUES ('h_api_18229_white_06','tee_api_18229_white',6,5,5);
INSERT OR REPLACE INTO holes (id, tee_id, hole_number, par, stroke_index) VALUES ('h_api_18229_white_07','tee_api_18229_white',7,4,3);
INSERT OR REPLACE INTO holes (id, tee_id, hole_number, par, stroke_index) VALUES ('h_api_18229_white_08','tee_api_18229_white',8,3,17);
INSERT OR REPLACE INTO holes (id, tee_id, hole_number, par, stroke_index) VALUES ('h_api_18229_white_09','tee_api_18229_white',9,5,15);
INSERT OR REPLACE INTO holes (id, tee_id, hole_number, par, stroke_index) VALUES ('h_api_18229_white_10','tee_api_18229_white',10,4,4);
INSERT OR REPLACE INTO holes (id, tee_id, hole_number, par, stroke_index) VALUES ('h_api_18229_white_11','tee_api_18229_white',11,3,16);
INSERT OR REPLACE INTO holes (id, tee_id, hole_number, par, stroke_index) VALUES ('h_api_18229_white_12','tee_api_18229_white',12,5,8);
INSERT OR REPLACE INTO holes (id, tee_id, hole_number, par, stroke_index) VALUES ('h_api_18229_white_13','tee_api_18229_white',13,4,2);
INSERT OR REPLACE INTO holes (id, tee_id, hole_number, par, stroke_index) VALUES ('h_api_18229_white_14','tee_api_18229_white',14,4,18);
INSERT OR REPLACE INTO holes (id, tee_id, hole_number, par, stroke_index) VALUES ('h_api_18229_white_15','tee_api_18229_white',15,3,10);
INSERT OR REPLACE INTO holes (id, tee_id, hole_number, par, stroke_index) VALUES ('h_api_18229_white_16','tee_api_18229_white',16,4,14);
INSERT OR REPLACE INTO holes (id, tee_id, hole_number, par, stroke_index) VALUES ('h_api_18229_white_17','tee_api_18229_white',17,4,6);
INSERT OR REPLACE INTO holes (id, tee_id, hole_number, par, stroke_index) VALUES ('h_api_18229_white_18','tee_api_18229_white',18,5,12);
INSERT OR REPLACE INTO tees (id, course_id, name, gender, course_rating, slope_rating, par, front_course_rating, front_slope_rating, front_par, back_course_rating, back_slope_rating, back_par) VALUES ('tee_api_18229_grey','course_api_18229','Grey','M',68.6,124,72,34.4,123,36,34.2,124,36);
INSERT OR REPLACE INTO holes (id, tee_id, hole_number, par, stroke_index) VALUES ('h_api_18229_grey_01','tee_api_18229_grey',1,4,9);
INSERT OR REPLACE INTO holes (id, tee_id, hole_number, par, stroke_index) VALUES ('h_api_18229_grey_02','tee_api_18229_grey',2,4,13);
INSERT OR REPLACE INTO holes (id, tee_id, hole_number, par, stroke_index) VALUES ('h_api_18229_grey_03','tee_api_18229_grey',3,4,1);
INSERT OR REPLACE INTO holes (id, tee_id, hole_number, par, stroke_index) VALUES ('h_api_18229_grey_04','tee_api_18229_grey',4,3,11);
INSERT OR REPLACE INTO holes (id, tee_id, hole_number, par, stroke_index) VALUES ('h_api_18229_grey_05','tee_api_18229_grey',5,4,7);
INSERT OR REPLACE INTO holes (id, tee_id, hole_number, par, stroke_index) VALUES ('h_api_18229_grey_06','tee_api_18229_grey',6,5,5);
INSERT OR REPLACE INTO holes (id, tee_id, hole_number, par, stroke_index) VALUES ('h_api_18229_grey_07','tee_api_18229_grey',7,4,3);
INSERT OR REPLACE INTO holes (id, tee_id, hole_number, par, stroke_index) VALUES ('h_api_18229_grey_08','tee_api_18229_grey',8,3,17);
INSERT OR REPLACE INTO holes (id, tee_id, hole_number, par, stroke_index) VALUES ('h_api_18229_grey_09','tee_api_18229_grey',9,5,15);
INSERT OR REPLACE INTO holes (id, tee_id, hole_number, par, stroke_index) VALUES ('h_api_18229_grey_10','tee_api_18229_grey',10,4,4);
INSERT OR REPLACE INTO holes (id, tee_id, hole_number, par, stroke_index) VALUES ('h_api_18229_grey_11','tee_api_18229_grey',11,3,16);
INSERT OR REPLACE INTO holes (id, tee_id, hole_number, par, stroke_index) VALUES ('h_api_18229_grey_12','tee_api_18229_grey',12,5,8);
INSERT OR REPLACE INTO holes (id, tee_id, hole_number, par, stroke_index) VALUES ('h_api_18229_grey_13','tee_api_18229_grey',13,4,2);
INSERT OR REPLACE INTO holes (id, tee_id, hole_number, par, stroke_index) VALUES ('h_api_18229_grey_14','tee_api_18229_grey',14,4,18);
INSERT OR REPLACE INTO holes (id, tee_id, hole_number, par, stroke_index) VALUES ('h_api_18229_grey_15','tee_api_18229_grey',15,3,10);
INSERT OR REPLACE INTO holes (id, tee_id, hole_number, par, stroke_index) VALUES ('h_api_18229_grey_16','tee_api_18229_grey',16,4,14);
INSERT OR REPLACE INTO holes (id, tee_id, hole_number, par, stroke_index) VALUES ('h_api_18229_grey_17','tee_api_18229_grey',17,4,6);
INSERT OR REPLACE INTO holes (id, tee_id, hole_number, par, stroke_index) VALUES ('h_api_18229_grey_18','tee_api_18229_grey',18,5,12);
INSERT OR REPLACE INTO tees (id, course_id, name, gender, course_rating, slope_rating, par, front_course_rating, front_slope_rating, front_par, back_course_rating, back_slope_rating, back_par) VALUES ('tee_api_18229_red','course_api_18229','Red','M',65.8,115,72,33,112,36,32.8,118,36);
INSERT OR REPLACE INTO holes (id, tee_id, hole_number, par, stroke_index) VALUES ('h_api_18229_red_01','tee_api_18229_red',1,4,9);
INSERT OR REPLACE INTO holes (id, tee_id, hole_number, par, stroke_index) VALUES ('h_api_18229_red_02','tee_api_18229_red',2,4,13);
INSERT OR REPLACE INTO holes (id, tee_id, hole_number, par, stroke_index) VALUES ('h_api_18229_red_03','tee_api_18229_red',3,4,1);
INSERT OR REPLACE INTO holes (id, tee_id, hole_number, par, stroke_index) VALUES ('h_api_18229_red_04','tee_api_18229_red',4,3,11);
INSERT OR REPLACE INTO holes (id, tee_id, hole_number, par, stroke_index) VALUES ('h_api_18229_red_05','tee_api_18229_red',5,4,7);
INSERT OR REPLACE INTO holes (id, tee_id, hole_number, par, stroke_index) VALUES ('h_api_18229_red_06','tee_api_18229_red',6,5,5);
INSERT OR REPLACE INTO holes (id, tee_id, hole_number, par, stroke_index) VALUES ('h_api_18229_red_07','tee_api_18229_red',7,4,3);
INSERT OR REPLACE INTO holes (id, tee_id, hole_number, par, stroke_index) VALUES ('h_api_18229_red_08','tee_api_18229_red',8,3,17);
INSERT OR REPLACE INTO holes (id, tee_id, hole_number, par, stroke_index) VALUES ('h_api_18229_red_09','tee_api_18229_red',9,5,15);
INSERT OR REPLACE INTO holes (id, tee_id, hole_number, par, stroke_index) VALUES ('h_api_18229_red_10','tee_api_18229_red',10,4,4);
INSERT OR REPLACE INTO holes (id, tee_id, hole_number, par, stroke_index) VALUES ('h_api_18229_red_11','tee_api_18229_red',11,3,16);
INSERT OR REPLACE INTO holes (id, tee_id, hole_number, par, stroke_index) VALUES ('h_api_18229_red_12','tee_api_18229_red',12,5,8);
INSERT OR REPLACE INTO holes (id, tee_id, hole_number, par, stroke_index) VALUES ('h_api_18229_red_13','tee_api_18229_red',13,4,2);
INSERT OR REPLACE INTO holes (id, tee_id, hole_number, par, stroke_index) VALUES ('h_api_18229_red_14','tee_api_18229_red',14,4,18);
INSERT OR REPLACE INTO holes (id, tee_id, hole_number, par, stroke_index) VALUES ('h_api_18229_red_15','tee_api_18229_red',15,3,10);
INSERT OR REPLACE INTO holes (id, tee_id, hole_number, par, stroke_index) VALUES ('h_api_18229_red_16','tee_api_18229_red',16,4,14);
INSERT OR REPLACE INTO holes (id, tee_id, hole_number, par, stroke_index) VALUES ('h_api_18229_red_17','tee_api_18229_red',17,4,6);
INSERT OR REPLACE INTO holes (id, tee_id, hole_number, par, stroke_index) VALUES ('h_api_18229_red_18','tee_api_18229_red',18,5,12);

INSERT OR REPLACE INTO courses (id, name, city, state, latitude, longitude, created_at) VALUES ('course_api_18026','Tomahawk Hills Golf Course','Shawnee','KS',38.999733,-94.79083,'2026-06-09T00:00:00.000Z');
INSERT OR REPLACE INTO tees (id, course_id, name, gender, course_rating, slope_rating, par, front_course_rating, front_slope_rating, front_par, back_course_rating, back_slope_rating, back_par) VALUES ('tee_api_18026_blue','course_api_18026','Blue','M',69.7,118,70,34.4,116,35,35.3,119,35);
INSERT OR REPLACE INTO holes (id, tee_id, hole_number, par, stroke_index) VALUES ('h_api_18026_blue_01','tee_api_18026_blue',1,5,3);
INSERT OR REPLACE INTO holes (id, tee_id, hole_number, par, stroke_index) VALUES ('h_api_18026_blue_02','tee_api_18026_blue',2,3,11);
INSERT OR REPLACE INTO holes (id, tee_id, hole_number, par, stroke_index) VALUES ('h_api_18026_blue_03','tee_api_18026_blue',3,4,7);
INSERT OR REPLACE INTO holes (id, tee_id, hole_number, par, stroke_index) VALUES ('h_api_18026_blue_04','tee_api_18026_blue',4,4,1);
INSERT OR REPLACE INTO holes (id, tee_id, hole_number, par, stroke_index) VALUES ('h_api_18026_blue_05','tee_api_18026_blue',5,4,17);
INSERT OR REPLACE INTO holes (id, tee_id, hole_number, par, stroke_index) VALUES ('h_api_18026_blue_06','tee_api_18026_blue',6,3,9);
INSERT OR REPLACE INTO holes (id, tee_id, hole_number, par, stroke_index) VALUES ('h_api_18026_blue_07','tee_api_18026_blue',7,5,15);
INSERT OR REPLACE INTO holes (id, tee_id, hole_number, par, stroke_index) VALUES ('h_api_18026_blue_08','tee_api_18026_blue',8,4,5);
INSERT OR REPLACE INTO holes (id, tee_id, hole_number, par, stroke_index) VALUES ('h_api_18026_blue_09','tee_api_18026_blue',9,3,13);
INSERT OR REPLACE INTO holes (id, tee_id, hole_number, par, stroke_index) VALUES ('h_api_18026_blue_10','tee_api_18026_blue',10,4,16);
INSERT OR REPLACE INTO holes (id, tee_id, hole_number, par, stroke_index) VALUES ('h_api_18026_blue_11','tee_api_18026_blue',11,3,14);
INSERT OR REPLACE INTO holes (id, tee_id, hole_number, par, stroke_index) VALUES ('h_api_18026_blue_12','tee_api_18026_blue',12,4,4);
INSERT OR REPLACE INTO holes (id, tee_id, hole_number, par, stroke_index) VALUES ('h_api_18026_blue_13','tee_api_18026_blue',13,4,18);
INSERT OR REPLACE INTO holes (id, tee_id, hole_number, par, stroke_index) VALUES ('h_api_18026_blue_14','tee_api_18026_blue',14,5,2);
INSERT OR REPLACE INTO holes (id, tee_id, hole_number, par, stroke_index) VALUES ('h_api_18026_blue_15','tee_api_18026_blue',15,5,8);
INSERT OR REPLACE INTO holes (id, tee_id, hole_number, par, stroke_index) VALUES ('h_api_18026_blue_16','tee_api_18026_blue',16,3,10);
INSERT OR REPLACE INTO holes (id, tee_id, hole_number, par, stroke_index) VALUES ('h_api_18026_blue_17','tee_api_18026_blue',17,4,6);
INSERT OR REPLACE INTO holes (id, tee_id, hole_number, par, stroke_index) VALUES ('h_api_18026_blue_18','tee_api_18026_blue',18,3,12);
INSERT OR REPLACE INTO tees (id, course_id, name, gender, course_rating, slope_rating, par, front_course_rating, front_slope_rating, front_par, back_course_rating, back_slope_rating, back_par) VALUES ('tee_api_18026_white','course_api_18026','White','M',68.5,115,70,33.7,114,35,34.8,115,35);
INSERT OR REPLACE INTO holes (id, tee_id, hole_number, par, stroke_index) VALUES ('h_api_18026_white_01','tee_api_18026_white',1,5,3);
INSERT OR REPLACE INTO holes (id, tee_id, hole_number, par, stroke_index) VALUES ('h_api_18026_white_02','tee_api_18026_white',2,3,11);
INSERT OR REPLACE INTO holes (id, tee_id, hole_number, par, stroke_index) VALUES ('h_api_18026_white_03','tee_api_18026_white',3,4,7);
INSERT OR REPLACE INTO holes (id, tee_id, hole_number, par, stroke_index) VALUES ('h_api_18026_white_04','tee_api_18026_white',4,4,1);
INSERT OR REPLACE INTO holes (id, tee_id, hole_number, par, stroke_index) VALUES ('h_api_18026_white_05','tee_api_18026_white',5,4,17);
INSERT OR REPLACE INTO holes (id, tee_id, hole_number, par, stroke_index) VALUES ('h_api_18026_white_06','tee_api_18026_white',6,3,9);
INSERT OR REPLACE INTO holes (id, tee_id, hole_number, par, stroke_index) VALUES ('h_api_18026_white_07','tee_api_18026_white',7,5,15);
INSERT OR REPLACE INTO holes (id, tee_id, hole_number, par, stroke_index) VALUES ('h_api_18026_white_08','tee_api_18026_white',8,4,5);
INSERT OR REPLACE INTO holes (id, tee_id, hole_number, par, stroke_index) VALUES ('h_api_18026_white_09','tee_api_18026_white',9,3,13);
INSERT OR REPLACE INTO holes (id, tee_id, hole_number, par, stroke_index) VALUES ('h_api_18026_white_10','tee_api_18026_white',10,4,16);
INSERT OR REPLACE INTO holes (id, tee_id, hole_number, par, stroke_index) VALUES ('h_api_18026_white_11','tee_api_18026_white',11,3,14);
INSERT OR REPLACE INTO holes (id, tee_id, hole_number, par, stroke_index) VALUES ('h_api_18026_white_12','tee_api_18026_white',12,4,4);
INSERT OR REPLACE INTO holes (id, tee_id, hole_number, par, stroke_index) VALUES ('h_api_18026_white_13','tee_api_18026_white',13,4,18);
INSERT OR REPLACE INTO holes (id, tee_id, hole_number, par, stroke_index) VALUES ('h_api_18026_white_14','tee_api_18026_white',14,5,2);
INSERT OR REPLACE INTO holes (id, tee_id, hole_number, par, stroke_index) VALUES ('h_api_18026_white_15','tee_api_18026_white',15,5,8);
INSERT OR REPLACE INTO holes (id, tee_id, hole_number, par, stroke_index) VALUES ('h_api_18026_white_16','tee_api_18026_white',16,3,10);
INSERT OR REPLACE INTO holes (id, tee_id, hole_number, par, stroke_index) VALUES ('h_api_18026_white_17','tee_api_18026_white',17,4,6);
INSERT OR REPLACE INTO holes (id, tee_id, hole_number, par, stroke_index) VALUES ('h_api_18026_white_18','tee_api_18026_white',18,3,12);
INSERT OR REPLACE INTO tees (id, course_id, name, gender, course_rating, slope_rating, par, front_course_rating, front_slope_rating, front_par, back_course_rating, back_slope_rating, back_par) VALUES ('tee_api_18026_red','course_api_18026','Red','M',65.3,108,69,31.9,105,34,33.4,111,35);
INSERT OR REPLACE INTO holes (id, tee_id, hole_number, par, stroke_index) VALUES ('h_api_18026_red_01','tee_api_18026_red',1,5,3);
INSERT OR REPLACE INTO holes (id, tee_id, hole_number, par, stroke_index) VALUES ('h_api_18026_red_02','tee_api_18026_red',2,3,11);
INSERT OR REPLACE INTO holes (id, tee_id, hole_number, par, stroke_index) VALUES ('h_api_18026_red_03','tee_api_18026_red',3,4,7);
INSERT OR REPLACE INTO holes (id, tee_id, hole_number, par, stroke_index) VALUES ('h_api_18026_red_04','tee_api_18026_red',4,4,1);
INSERT OR REPLACE INTO holes (id, tee_id, hole_number, par, stroke_index) VALUES ('h_api_18026_red_05','tee_api_18026_red',5,3,17);
INSERT OR REPLACE INTO holes (id, tee_id, hole_number, par, stroke_index) VALUES ('h_api_18026_red_06','tee_api_18026_red',6,3,9);
INSERT OR REPLACE INTO holes (id, tee_id, hole_number, par, stroke_index) VALUES ('h_api_18026_red_07','tee_api_18026_red',7,5,15);
INSERT OR REPLACE INTO holes (id, tee_id, hole_number, par, stroke_index) VALUES ('h_api_18026_red_08','tee_api_18026_red',8,4,5);
INSERT OR REPLACE INTO holes (id, tee_id, hole_number, par, stroke_index) VALUES ('h_api_18026_red_09','tee_api_18026_red',9,3,13);
INSERT OR REPLACE INTO holes (id, tee_id, hole_number, par, stroke_index) VALUES ('h_api_18026_red_10','tee_api_18026_red',10,4,16);
INSERT OR REPLACE INTO holes (id, tee_id, hole_number, par, stroke_index) VALUES ('h_api_18026_red_11','tee_api_18026_red',11,3,14);
INSERT OR REPLACE INTO holes (id, tee_id, hole_number, par, stroke_index) VALUES ('h_api_18026_red_12','tee_api_18026_red',12,4,4);
INSERT OR REPLACE INTO holes (id, tee_id, hole_number, par, stroke_index) VALUES ('h_api_18026_red_13','tee_api_18026_red',13,4,18);
INSERT OR REPLACE INTO holes (id, tee_id, hole_number, par, stroke_index) VALUES ('h_api_18026_red_14','tee_api_18026_red',14,5,2);
INSERT OR REPLACE INTO holes (id, tee_id, hole_number, par, stroke_index) VALUES ('h_api_18026_red_15','tee_api_18026_red',15,5,8);
INSERT OR REPLACE INTO holes (id, tee_id, hole_number, par, stroke_index) VALUES ('h_api_18026_red_16','tee_api_18026_red',16,3,10);
INSERT OR REPLACE INTO holes (id, tee_id, hole_number, par, stroke_index) VALUES ('h_api_18026_red_17','tee_api_18026_red',17,4,6);
INSERT OR REPLACE INTO holes (id, tee_id, hole_number, par, stroke_index) VALUES ('h_api_18026_red_18','tee_api_18026_red',18,3,12);

INSERT OR REPLACE INTO courses (id, name, city, state, latitude, longitude, created_at) VALUES ('course_api_18041','Canyon Farms Golf Club','Lenexa','KS',38.97024,-94.791115,'2026-06-09T00:00:00.000Z');
INSERT OR REPLACE INTO tees (id, course_id, name, gender, course_rating, slope_rating, par, front_course_rating, front_slope_rating, front_par, back_course_rating, back_slope_rating, back_par) VALUES ('tee_api_18041_goldprofessional','course_api_18041','Gold (Professional)','M',74.4,142,70,36.9,145,35,37.5,139,35);
INSERT OR REPLACE INTO holes (id, tee_id, hole_number, par, stroke_index) VALUES ('h_api_18041_goldprofessional_01','tee_api_18041_goldprofessional',1,4,9);
INSERT OR REPLACE INTO holes (id, tee_id, hole_number, par, stroke_index) VALUES ('h_api_18041_goldprofessional_02','tee_api_18041_goldprofessional',2,5,7);
INSERT OR REPLACE INTO holes (id, tee_id, hole_number, par, stroke_index) VALUES ('h_api_18041_goldprofessional_03','tee_api_18041_goldprofessional',3,3,17);
INSERT OR REPLACE INTO holes (id, tee_id, hole_number, par, stroke_index) VALUES ('h_api_18041_goldprofessional_04','tee_api_18041_goldprofessional',4,4,3);
INSERT OR REPLACE INTO holes (id, tee_id, hole_number, par, stroke_index) VALUES ('h_api_18041_goldprofessional_05','tee_api_18041_goldprofessional',5,4,13);
INSERT OR REPLACE INTO holes (id, tee_id, hole_number, par, stroke_index) VALUES ('h_api_18041_goldprofessional_06','tee_api_18041_goldprofessional',6,3,15);
INSERT OR REPLACE INTO holes (id, tee_id, hole_number, par, stroke_index) VALUES ('h_api_18041_goldprofessional_07','tee_api_18041_goldprofessional',7,4,1);
INSERT OR REPLACE INTO holes (id, tee_id, hole_number, par, stroke_index) VALUES ('h_api_18041_goldprofessional_08','tee_api_18041_goldprofessional',8,5,5);
INSERT OR REPLACE INTO holes (id, tee_id, hole_number, par, stroke_index) VALUES ('h_api_18041_goldprofessional_09','tee_api_18041_goldprofessional',9,3,11);
INSERT OR REPLACE INTO holes (id, tee_id, hole_number, par, stroke_index) VALUES ('h_api_18041_goldprofessional_10','tee_api_18041_goldprofessional',10,4,4);
INSERT OR REPLACE INTO holes (id, tee_id, hole_number, par, stroke_index) VALUES ('h_api_18041_goldprofessional_11','tee_api_18041_goldprofessional',11,4,12);
INSERT OR REPLACE INTO holes (id, tee_id, hole_number, par, stroke_index) VALUES ('h_api_18041_goldprofessional_12','tee_api_18041_goldprofessional',12,3,18);
INSERT OR REPLACE INTO holes (id, tee_id, hole_number, par, stroke_index) VALUES ('h_api_18041_goldprofessional_13','tee_api_18041_goldprofessional',13,4,2);
INSERT OR REPLACE INTO holes (id, tee_id, hole_number, par, stroke_index) VALUES ('h_api_18041_goldprofessional_14','tee_api_18041_goldprofessional',14,4,8);
INSERT OR REPLACE INTO holes (id, tee_id, hole_number, par, stroke_index) VALUES ('h_api_18041_goldprofessional_15','tee_api_18041_goldprofessional',15,3,16);
INSERT OR REPLACE INTO holes (id, tee_id, hole_number, par, stroke_index) VALUES ('h_api_18041_goldprofessional_16','tee_api_18041_goldprofessional',16,4,14);
INSERT OR REPLACE INTO holes (id, tee_id, hole_number, par, stroke_index) VALUES ('h_api_18041_goldprofessional_17','tee_api_18041_goldprofessional',17,4,6);
INSERT OR REPLACE INTO holes (id, tee_id, hole_number, par, stroke_index) VALUES ('h_api_18041_goldprofessional_18','tee_api_18041_goldprofessional',18,5,10);
INSERT OR REPLACE INTO tees (id, course_id, name, gender, course_rating, slope_rating, par, front_course_rating, front_slope_rating, front_par, back_course_rating, back_slope_rating, back_par) VALUES ('tee_api_18041_goldblackcombo','course_api_18041','Gold/Black Combo','M',72.8,139,70,36.1,141,35,36.7,137,35);
INSERT OR REPLACE INTO holes (id, tee_id, hole_number, par, stroke_index) VALUES ('h_api_18041_goldblackcombo_01','tee_api_18041_goldblackcombo',1,4,9);
INSERT OR REPLACE INTO holes (id, tee_id, hole_number, par, stroke_index) VALUES ('h_api_18041_goldblackcombo_02','tee_api_18041_goldblackcombo',2,5,7);
INSERT OR REPLACE INTO holes (id, tee_id, hole_number, par, stroke_index) VALUES ('h_api_18041_goldblackcombo_03','tee_api_18041_goldblackcombo',3,3,17);
INSERT OR REPLACE INTO holes (id, tee_id, hole_number, par, stroke_index) VALUES ('h_api_18041_goldblackcombo_04','tee_api_18041_goldblackcombo',4,4,3);
INSERT OR REPLACE INTO holes (id, tee_id, hole_number, par, stroke_index) VALUES ('h_api_18041_goldblackcombo_05','tee_api_18041_goldblackcombo',5,4,13);
INSERT OR REPLACE INTO holes (id, tee_id, hole_number, par, stroke_index) VALUES ('h_api_18041_goldblackcombo_06','tee_api_18041_goldblackcombo',6,3,15);
INSERT OR REPLACE INTO holes (id, tee_id, hole_number, par, stroke_index) VALUES ('h_api_18041_goldblackcombo_07','tee_api_18041_goldblackcombo',7,4,1);
INSERT OR REPLACE INTO holes (id, tee_id, hole_number, par, stroke_index) VALUES ('h_api_18041_goldblackcombo_08','tee_api_18041_goldblackcombo',8,5,5);
INSERT OR REPLACE INTO holes (id, tee_id, hole_number, par, stroke_index) VALUES ('h_api_18041_goldblackcombo_09','tee_api_18041_goldblackcombo',9,3,11);
INSERT OR REPLACE INTO holes (id, tee_id, hole_number, par, stroke_index) VALUES ('h_api_18041_goldblackcombo_10','tee_api_18041_goldblackcombo',10,4,4);
INSERT OR REPLACE INTO holes (id, tee_id, hole_number, par, stroke_index) VALUES ('h_api_18041_goldblackcombo_11','tee_api_18041_goldblackcombo',11,4,12);
INSERT OR REPLACE INTO holes (id, tee_id, hole_number, par, stroke_index) VALUES ('h_api_18041_goldblackcombo_12','tee_api_18041_goldblackcombo',12,3,18);
INSERT OR REPLACE INTO holes (id, tee_id, hole_number, par, stroke_index) VALUES ('h_api_18041_goldblackcombo_13','tee_api_18041_goldblackcombo',13,4,2);
INSERT OR REPLACE INTO holes (id, tee_id, hole_number, par, stroke_index) VALUES ('h_api_18041_goldblackcombo_14','tee_api_18041_goldblackcombo',14,4,8);
INSERT OR REPLACE INTO holes (id, tee_id, hole_number, par, stroke_index) VALUES ('h_api_18041_goldblackcombo_15','tee_api_18041_goldblackcombo',15,3,16);
INSERT OR REPLACE INTO holes (id, tee_id, hole_number, par, stroke_index) VALUES ('h_api_18041_goldblackcombo_16','tee_api_18041_goldblackcombo',16,4,14);
INSERT OR REPLACE INTO holes (id, tee_id, hole_number, par, stroke_index) VALUES ('h_api_18041_goldblackcombo_17','tee_api_18041_goldblackcombo',17,4,6);
INSERT OR REPLACE INTO holes (id, tee_id, hole_number, par, stroke_index) VALUES ('h_api_18041_goldblackcombo_18','tee_api_18041_goldblackcombo',18,5,10);
INSERT OR REPLACE INTO tees (id, course_id, name, gender, course_rating, slope_rating, par, front_course_rating, front_slope_rating, front_par, back_course_rating, back_slope_rating, back_par) VALUES ('tee_api_18041_blackchampionship','course_api_18041','Black (Championship)','M',71.7,136,70,35.6,140,35,36.1,132,35);
INSERT OR REPLACE INTO holes (id, tee_id, hole_number, par, stroke_index) VALUES ('h_api_18041_blackchampionship_01','tee_api_18041_blackchampionship',1,4,9);
INSERT OR REPLACE INTO holes (id, tee_id, hole_number, par, stroke_index) VALUES ('h_api_18041_blackchampionship_02','tee_api_18041_blackchampionship',2,5,7);
INSERT OR REPLACE INTO holes (id, tee_id, hole_number, par, stroke_index) VALUES ('h_api_18041_blackchampionship_03','tee_api_18041_blackchampionship',3,3,17);
INSERT OR REPLACE INTO holes (id, tee_id, hole_number, par, stroke_index) VALUES ('h_api_18041_blackchampionship_04','tee_api_18041_blackchampionship',4,4,3);
INSERT OR REPLACE INTO holes (id, tee_id, hole_number, par, stroke_index) VALUES ('h_api_18041_blackchampionship_05','tee_api_18041_blackchampionship',5,4,13);
INSERT OR REPLACE INTO holes (id, tee_id, hole_number, par, stroke_index) VALUES ('h_api_18041_blackchampionship_06','tee_api_18041_blackchampionship',6,3,15);
INSERT OR REPLACE INTO holes (id, tee_id, hole_number, par, stroke_index) VALUES ('h_api_18041_blackchampionship_07','tee_api_18041_blackchampionship',7,4,1);
INSERT OR REPLACE INTO holes (id, tee_id, hole_number, par, stroke_index) VALUES ('h_api_18041_blackchampionship_08','tee_api_18041_blackchampionship',8,5,5);
INSERT OR REPLACE INTO holes (id, tee_id, hole_number, par, stroke_index) VALUES ('h_api_18041_blackchampionship_09','tee_api_18041_blackchampionship',9,3,11);
INSERT OR REPLACE INTO holes (id, tee_id, hole_number, par, stroke_index) VALUES ('h_api_18041_blackchampionship_10','tee_api_18041_blackchampionship',10,4,4);
INSERT OR REPLACE INTO holes (id, tee_id, hole_number, par, stroke_index) VALUES ('h_api_18041_blackchampionship_11','tee_api_18041_blackchampionship',11,4,12);
INSERT OR REPLACE INTO holes (id, tee_id, hole_number, par, stroke_index) VALUES ('h_api_18041_blackchampionship_12','tee_api_18041_blackchampionship',12,3,18);
INSERT OR REPLACE INTO holes (id, tee_id, hole_number, par, stroke_index) VALUES ('h_api_18041_blackchampionship_13','tee_api_18041_blackchampionship',13,4,2);
INSERT OR REPLACE INTO holes (id, tee_id, hole_number, par, stroke_index) VALUES ('h_api_18041_blackchampionship_14','tee_api_18041_blackchampionship',14,4,8);
INSERT OR REPLACE INTO holes (id, tee_id, hole_number, par, stroke_index) VALUES ('h_api_18041_blackchampionship_15','tee_api_18041_blackchampionship',15,3,16);
INSERT OR REPLACE INTO holes (id, tee_id, hole_number, par, stroke_index) VALUES ('h_api_18041_blackchampionship_16','tee_api_18041_blackchampionship',16,4,14);
INSERT OR REPLACE INTO holes (id, tee_id, hole_number, par, stroke_index) VALUES ('h_api_18041_blackchampionship_17','tee_api_18041_blackchampionship',17,4,6);
INSERT OR REPLACE INTO holes (id, tee_id, hole_number, par, stroke_index) VALUES ('h_api_18041_blackchampionship_18','tee_api_18041_blackchampionship',18,5,10);
INSERT OR REPLACE INTO tees (id, course_id, name, gender, course_rating, slope_rating, par, front_course_rating, front_slope_rating, front_par, back_course_rating, back_slope_rating, back_par) VALUES ('tee_api_18041_blackbluecombo','course_api_18041','Black/Blue Combo','M',71.4,133,70,35.4,135,35,36,130,35);
INSERT OR REPLACE INTO holes (id, tee_id, hole_number, par, stroke_index) VALUES ('h_api_18041_blackbluecombo_01','tee_api_18041_blackbluecombo',1,4,9);
INSERT OR REPLACE INTO holes (id, tee_id, hole_number, par, stroke_index) VALUES ('h_api_18041_blackbluecombo_02','tee_api_18041_blackbluecombo',2,5,7);
INSERT OR REPLACE INTO holes (id, tee_id, hole_number, par, stroke_index) VALUES ('h_api_18041_blackbluecombo_03','tee_api_18041_blackbluecombo',3,3,17);
INSERT OR REPLACE INTO holes (id, tee_id, hole_number, par, stroke_index) VALUES ('h_api_18041_blackbluecombo_04','tee_api_18041_blackbluecombo',4,4,3);
INSERT OR REPLACE INTO holes (id, tee_id, hole_number, par, stroke_index) VALUES ('h_api_18041_blackbluecombo_05','tee_api_18041_blackbluecombo',5,4,13);
INSERT OR REPLACE INTO holes (id, tee_id, hole_number, par, stroke_index) VALUES ('h_api_18041_blackbluecombo_06','tee_api_18041_blackbluecombo',6,3,15);
INSERT OR REPLACE INTO holes (id, tee_id, hole_number, par, stroke_index) VALUES ('h_api_18041_blackbluecombo_07','tee_api_18041_blackbluecombo',7,4,1);
INSERT OR REPLACE INTO holes (id, tee_id, hole_number, par, stroke_index) VALUES ('h_api_18041_blackbluecombo_08','tee_api_18041_blackbluecombo',8,5,5);
INSERT OR REPLACE INTO holes (id, tee_id, hole_number, par, stroke_index) VALUES ('h_api_18041_blackbluecombo_09','tee_api_18041_blackbluecombo',9,3,11);
INSERT OR REPLACE INTO holes (id, tee_id, hole_number, par, stroke_index) VALUES ('h_api_18041_blackbluecombo_10','tee_api_18041_blackbluecombo',10,4,4);
INSERT OR REPLACE INTO holes (id, tee_id, hole_number, par, stroke_index) VALUES ('h_api_18041_blackbluecombo_11','tee_api_18041_blackbluecombo',11,4,12);
INSERT OR REPLACE INTO holes (id, tee_id, hole_number, par, stroke_index) VALUES ('h_api_18041_blackbluecombo_12','tee_api_18041_blackbluecombo',12,3,18);
INSERT OR REPLACE INTO holes (id, tee_id, hole_number, par, stroke_index) VALUES ('h_api_18041_blackbluecombo_13','tee_api_18041_blackbluecombo',13,4,2);
INSERT OR REPLACE INTO holes (id, tee_id, hole_number, par, stroke_index) VALUES ('h_api_18041_blackbluecombo_14','tee_api_18041_blackbluecombo',14,4,8);
INSERT OR REPLACE INTO holes (id, tee_id, hole_number, par, stroke_index) VALUES ('h_api_18041_blackbluecombo_15','tee_api_18041_blackbluecombo',15,3,16);
INSERT OR REPLACE INTO holes (id, tee_id, hole_number, par, stroke_index) VALUES ('h_api_18041_blackbluecombo_16','tee_api_18041_blackbluecombo',16,4,14);
INSERT OR REPLACE INTO holes (id, tee_id, hole_number, par, stroke_index) VALUES ('h_api_18041_blackbluecombo_17','tee_api_18041_blackbluecombo',17,4,6);
INSERT OR REPLACE INTO holes (id, tee_id, hole_number, par, stroke_index) VALUES ('h_api_18041_blackbluecombo_18','tee_api_18041_blackbluecombo',18,5,10);
INSERT OR REPLACE INTO tees (id, course_id, name, gender, course_rating, slope_rating, par, front_course_rating, front_slope_rating, front_par, back_course_rating, back_slope_rating, back_par) VALUES ('tee_api_18041_bluemember','course_api_18041','Blue (Member)','M',70.8,131,70,35.1,132,35,35.7,129,35);
INSERT OR REPLACE INTO holes (id, tee_id, hole_number, par, stroke_index) VALUES ('h_api_18041_bluemember_01','tee_api_18041_bluemember',1,4,9);
INSERT OR REPLACE INTO holes (id, tee_id, hole_number, par, stroke_index) VALUES ('h_api_18041_bluemember_02','tee_api_18041_bluemember',2,5,7);
INSERT OR REPLACE INTO holes (id, tee_id, hole_number, par, stroke_index) VALUES ('h_api_18041_bluemember_03','tee_api_18041_bluemember',3,3,17);
INSERT OR REPLACE INTO holes (id, tee_id, hole_number, par, stroke_index) VALUES ('h_api_18041_bluemember_04','tee_api_18041_bluemember',4,4,3);
INSERT OR REPLACE INTO holes (id, tee_id, hole_number, par, stroke_index) VALUES ('h_api_18041_bluemember_05','tee_api_18041_bluemember',5,4,13);
INSERT OR REPLACE INTO holes (id, tee_id, hole_number, par, stroke_index) VALUES ('h_api_18041_bluemember_06','tee_api_18041_bluemember',6,3,15);
INSERT OR REPLACE INTO holes (id, tee_id, hole_number, par, stroke_index) VALUES ('h_api_18041_bluemember_07','tee_api_18041_bluemember',7,4,1);
INSERT OR REPLACE INTO holes (id, tee_id, hole_number, par, stroke_index) VALUES ('h_api_18041_bluemember_08','tee_api_18041_bluemember',8,5,5);
INSERT OR REPLACE INTO holes (id, tee_id, hole_number, par, stroke_index) VALUES ('h_api_18041_bluemember_09','tee_api_18041_bluemember',9,3,11);
INSERT OR REPLACE INTO holes (id, tee_id, hole_number, par, stroke_index) VALUES ('h_api_18041_bluemember_10','tee_api_18041_bluemember',10,4,4);
INSERT OR REPLACE INTO holes (id, tee_id, hole_number, par, stroke_index) VALUES ('h_api_18041_bluemember_11','tee_api_18041_bluemember',11,4,12);
INSERT OR REPLACE INTO holes (id, tee_id, hole_number, par, stroke_index) VALUES ('h_api_18041_bluemember_12','tee_api_18041_bluemember',12,3,18);
INSERT OR REPLACE INTO holes (id, tee_id, hole_number, par, stroke_index) VALUES ('h_api_18041_bluemember_13','tee_api_18041_bluemember',13,4,2);
INSERT OR REPLACE INTO holes (id, tee_id, hole_number, par, stroke_index) VALUES ('h_api_18041_bluemember_14','tee_api_18041_bluemember',14,4,8);
INSERT OR REPLACE INTO holes (id, tee_id, hole_number, par, stroke_index) VALUES ('h_api_18041_bluemember_15','tee_api_18041_bluemember',15,3,16);
INSERT OR REPLACE INTO holes (id, tee_id, hole_number, par, stroke_index) VALUES ('h_api_18041_bluemember_16','tee_api_18041_bluemember',16,4,14);
INSERT OR REPLACE INTO holes (id, tee_id, hole_number, par, stroke_index) VALUES ('h_api_18041_bluemember_17','tee_api_18041_bluemember',17,4,6);
INSERT OR REPLACE INTO holes (id, tee_id, hole_number, par, stroke_index) VALUES ('h_api_18041_bluemember_18','tee_api_18041_bluemember',18,5,10);
INSERT OR REPLACE INTO tees (id, course_id, name, gender, course_rating, slope_rating, par, front_course_rating, front_slope_rating, front_par, back_course_rating, back_slope_rating, back_par) VALUES ('tee_api_18041_bluewhite2018','course_api_18041','Blue/White 2018','M',69.2,124,71,34.3,124,35,34.9,124,36);
INSERT OR REPLACE INTO holes (id, tee_id, hole_number, par, stroke_index) VALUES ('h_api_18041_bluewhite2018_01','tee_api_18041_bluewhite2018',1,4,9);
INSERT OR REPLACE INTO holes (id, tee_id, hole_number, par, stroke_index) VALUES ('h_api_18041_bluewhite2018_02','tee_api_18041_bluewhite2018',2,5,7);
INSERT OR REPLACE INTO holes (id, tee_id, hole_number, par, stroke_index) VALUES ('h_api_18041_bluewhite2018_03','tee_api_18041_bluewhite2018',3,3,17);
INSERT OR REPLACE INTO holes (id, tee_id, hole_number, par, stroke_index) VALUES ('h_api_18041_bluewhite2018_04','tee_api_18041_bluewhite2018',4,4,3);
INSERT OR REPLACE INTO holes (id, tee_id, hole_number, par, stroke_index) VALUES ('h_api_18041_bluewhite2018_05','tee_api_18041_bluewhite2018',5,4,13);
INSERT OR REPLACE INTO holes (id, tee_id, hole_number, par, stroke_index) VALUES ('h_api_18041_bluewhite2018_06','tee_api_18041_bluewhite2018',6,3,15);
INSERT OR REPLACE INTO holes (id, tee_id, hole_number, par, stroke_index) VALUES ('h_api_18041_bluewhite2018_07','tee_api_18041_bluewhite2018',7,4,1);
INSERT OR REPLACE INTO holes (id, tee_id, hole_number, par, stroke_index) VALUES ('h_api_18041_bluewhite2018_08','tee_api_18041_bluewhite2018',8,5,5);
INSERT OR REPLACE INTO holes (id, tee_id, hole_number, par, stroke_index) VALUES ('h_api_18041_bluewhite2018_09','tee_api_18041_bluewhite2018',9,3,11);
INSERT OR REPLACE INTO holes (id, tee_id, hole_number, par, stroke_index) VALUES ('h_api_18041_bluewhite2018_10','tee_api_18041_bluewhite2018',10,4,4);
INSERT OR REPLACE INTO holes (id, tee_id, hole_number, par, stroke_index) VALUES ('h_api_18041_bluewhite2018_11','tee_api_18041_bluewhite2018',11,4,12);
INSERT OR REPLACE INTO holes (id, tee_id, hole_number, par, stroke_index) VALUES ('h_api_18041_bluewhite2018_12','tee_api_18041_bluewhite2018',12,3,18);
INSERT OR REPLACE INTO holes (id, tee_id, hole_number, par, stroke_index) VALUES ('h_api_18041_bluewhite2018_13','tee_api_18041_bluewhite2018',13,4,2);
INSERT OR REPLACE INTO holes (id, tee_id, hole_number, par, stroke_index) VALUES ('h_api_18041_bluewhite2018_14','tee_api_18041_bluewhite2018',14,5,8);
INSERT OR REPLACE INTO holes (id, tee_id, hole_number, par, stroke_index) VALUES ('h_api_18041_bluewhite2018_15','tee_api_18041_bluewhite2018',15,3,16);
INSERT OR REPLACE INTO holes (id, tee_id, hole_number, par, stroke_index) VALUES ('h_api_18041_bluewhite2018_16','tee_api_18041_bluewhite2018',16,4,14);
INSERT OR REPLACE INTO holes (id, tee_id, hole_number, par, stroke_index) VALUES ('h_api_18041_bluewhite2018_17','tee_api_18041_bluewhite2018',17,4,6);
INSERT OR REPLACE INTO holes (id, tee_id, hole_number, par, stroke_index) VALUES ('h_api_18041_bluewhite2018_18','tee_api_18041_bluewhite2018',18,5,10);
INSERT OR REPLACE INTO tees (id, course_id, name, gender, course_rating, slope_rating, par, front_course_rating, front_slope_rating, front_par, back_course_rating, back_slope_rating, back_par) VALUES ('tee_api_18041_whiteclub','course_api_18041','White (Club)','M',68.8,116,70,34.1,111,35,34.7,121,35);
INSERT OR REPLACE INTO holes (id, tee_id, hole_number, par, stroke_index) VALUES ('h_api_18041_whiteclub_01','tee_api_18041_whiteclub',1,4,9);
INSERT OR REPLACE INTO holes (id, tee_id, hole_number, par, stroke_index) VALUES ('h_api_18041_whiteclub_02','tee_api_18041_whiteclub',2,5,7);
INSERT OR REPLACE INTO holes (id, tee_id, hole_number, par, stroke_index) VALUES ('h_api_18041_whiteclub_03','tee_api_18041_whiteclub',3,3,17);
INSERT OR REPLACE INTO holes (id, tee_id, hole_number, par, stroke_index) VALUES ('h_api_18041_whiteclub_04','tee_api_18041_whiteclub',4,4,3);
INSERT OR REPLACE INTO holes (id, tee_id, hole_number, par, stroke_index) VALUES ('h_api_18041_whiteclub_05','tee_api_18041_whiteclub',5,4,13);
INSERT OR REPLACE INTO holes (id, tee_id, hole_number, par, stroke_index) VALUES ('h_api_18041_whiteclub_06','tee_api_18041_whiteclub',6,3,15);
INSERT OR REPLACE INTO holes (id, tee_id, hole_number, par, stroke_index) VALUES ('h_api_18041_whiteclub_07','tee_api_18041_whiteclub',7,4,1);
INSERT OR REPLACE INTO holes (id, tee_id, hole_number, par, stroke_index) VALUES ('h_api_18041_whiteclub_08','tee_api_18041_whiteclub',8,5,5);
INSERT OR REPLACE INTO holes (id, tee_id, hole_number, par, stroke_index) VALUES ('h_api_18041_whiteclub_09','tee_api_18041_whiteclub',9,3,11);
INSERT OR REPLACE INTO holes (id, tee_id, hole_number, par, stroke_index) VALUES ('h_api_18041_whiteclub_10','tee_api_18041_whiteclub',10,4,4);
INSERT OR REPLACE INTO holes (id, tee_id, hole_number, par, stroke_index) VALUES ('h_api_18041_whiteclub_11','tee_api_18041_whiteclub',11,4,12);
INSERT OR REPLACE INTO holes (id, tee_id, hole_number, par, stroke_index) VALUES ('h_api_18041_whiteclub_12','tee_api_18041_whiteclub',12,3,18);
INSERT OR REPLACE INTO holes (id, tee_id, hole_number, par, stroke_index) VALUES ('h_api_18041_whiteclub_13','tee_api_18041_whiteclub',13,4,2);
INSERT OR REPLACE INTO holes (id, tee_id, hole_number, par, stroke_index) VALUES ('h_api_18041_whiteclub_14','tee_api_18041_whiteclub',14,4,8);
INSERT OR REPLACE INTO holes (id, tee_id, hole_number, par, stroke_index) VALUES ('h_api_18041_whiteclub_15','tee_api_18041_whiteclub',15,3,16);
INSERT OR REPLACE INTO holes (id, tee_id, hole_number, par, stroke_index) VALUES ('h_api_18041_whiteclub_16','tee_api_18041_whiteclub',16,4,14);
INSERT OR REPLACE INTO holes (id, tee_id, hole_number, par, stroke_index) VALUES ('h_api_18041_whiteclub_17','tee_api_18041_whiteclub',17,4,6);
INSERT OR REPLACE INTO holes (id, tee_id, hole_number, par, stroke_index) VALUES ('h_api_18041_whiteclub_18','tee_api_18041_whiteclub',18,5,10);
INSERT OR REPLACE INTO tees (id, course_id, name, gender, course_rating, slope_rating, par, front_course_rating, front_slope_rating, front_par, back_course_rating, back_slope_rating, back_par) VALUES ('tee_api_18041_greenpreferred','course_api_18041','Green (Preferred)','M',67.1,115,70,33.3,111,35,33.8,118,35);
INSERT OR REPLACE INTO holes (id, tee_id, hole_number, par, stroke_index) VALUES ('h_api_18041_greenpreferred_01','tee_api_18041_greenpreferred',1,4,9);
INSERT OR REPLACE INTO holes (id, tee_id, hole_number, par, stroke_index) VALUES ('h_api_18041_greenpreferred_02','tee_api_18041_greenpreferred',2,5,7);
INSERT OR REPLACE INTO holes (id, tee_id, hole_number, par, stroke_index) VALUES ('h_api_18041_greenpreferred_03','tee_api_18041_greenpreferred',3,3,17);
INSERT OR REPLACE INTO holes (id, tee_id, hole_number, par, stroke_index) VALUES ('h_api_18041_greenpreferred_04','tee_api_18041_greenpreferred',4,4,3);
INSERT OR REPLACE INTO holes (id, tee_id, hole_number, par, stroke_index) VALUES ('h_api_18041_greenpreferred_05','tee_api_18041_greenpreferred',5,4,13);
INSERT OR REPLACE INTO holes (id, tee_id, hole_number, par, stroke_index) VALUES ('h_api_18041_greenpreferred_06','tee_api_18041_greenpreferred',6,3,15);
INSERT OR REPLACE INTO holes (id, tee_id, hole_number, par, stroke_index) VALUES ('h_api_18041_greenpreferred_07','tee_api_18041_greenpreferred',7,4,1);
INSERT OR REPLACE INTO holes (id, tee_id, hole_number, par, stroke_index) VALUES ('h_api_18041_greenpreferred_08','tee_api_18041_greenpreferred',8,5,5);
INSERT OR REPLACE INTO holes (id, tee_id, hole_number, par, stroke_index) VALUES ('h_api_18041_greenpreferred_09','tee_api_18041_greenpreferred',9,3,11);
INSERT OR REPLACE INTO holes (id, tee_id, hole_number, par, stroke_index) VALUES ('h_api_18041_greenpreferred_10','tee_api_18041_greenpreferred',10,4,4);
INSERT OR REPLACE INTO holes (id, tee_id, hole_number, par, stroke_index) VALUES ('h_api_18041_greenpreferred_11','tee_api_18041_greenpreferred',11,4,12);
INSERT OR REPLACE INTO holes (id, tee_id, hole_number, par, stroke_index) VALUES ('h_api_18041_greenpreferred_12','tee_api_18041_greenpreferred',12,3,18);
INSERT OR REPLACE INTO holes (id, tee_id, hole_number, par, stroke_index) VALUES ('h_api_18041_greenpreferred_13','tee_api_18041_greenpreferred',13,4,2);
INSERT OR REPLACE INTO holes (id, tee_id, hole_number, par, stroke_index) VALUES ('h_api_18041_greenpreferred_14','tee_api_18041_greenpreferred',14,4,8);
INSERT OR REPLACE INTO holes (id, tee_id, hole_number, par, stroke_index) VALUES ('h_api_18041_greenpreferred_15','tee_api_18041_greenpreferred',15,3,16);
INSERT OR REPLACE INTO holes (id, tee_id, hole_number, par, stroke_index) VALUES ('h_api_18041_greenpreferred_16','tee_api_18041_greenpreferred',16,4,14);
INSERT OR REPLACE INTO holes (id, tee_id, hole_number, par, stroke_index) VALUES ('h_api_18041_greenpreferred_17','tee_api_18041_greenpreferred',17,4,6);
INSERT OR REPLACE INTO holes (id, tee_id, hole_number, par, stroke_index) VALUES ('h_api_18041_greenpreferred_18','tee_api_18041_greenpreferred',18,5,10);
INSERT OR REPLACE INTO tees (id, course_id, name, gender, course_rating, slope_rating, par, front_course_rating, front_slope_rating, front_par, back_course_rating, back_slope_rating, back_par) VALUES ('tee_api_18041_redforward','course_api_18041','Red (Forward)','M',64.9,110,71,32.1,115,35,32.8,105,36);
INSERT OR REPLACE INTO holes (id, tee_id, hole_number, par, stroke_index) VALUES ('h_api_18041_redforward_01','tee_api_18041_redforward',1,4,9);
INSERT OR REPLACE INTO holes (id, tee_id, hole_number, par, stroke_index) VALUES ('h_api_18041_redforward_02','tee_api_18041_redforward',2,5,7);
INSERT OR REPLACE INTO holes (id, tee_id, hole_number, par, stroke_index) VALUES ('h_api_18041_redforward_03','tee_api_18041_redforward',3,3,17);
INSERT OR REPLACE INTO holes (id, tee_id, hole_number, par, stroke_index) VALUES ('h_api_18041_redforward_04','tee_api_18041_redforward',4,4,3);
INSERT OR REPLACE INTO holes (id, tee_id, hole_number, par, stroke_index) VALUES ('h_api_18041_redforward_05','tee_api_18041_redforward',5,4,13);
INSERT OR REPLACE INTO holes (id, tee_id, hole_number, par, stroke_index) VALUES ('h_api_18041_redforward_06','tee_api_18041_redforward',6,3,15);
INSERT OR REPLACE INTO holes (id, tee_id, hole_number, par, stroke_index) VALUES ('h_api_18041_redforward_07','tee_api_18041_redforward',7,4,1);
INSERT OR REPLACE INTO holes (id, tee_id, hole_number, par, stroke_index) VALUES ('h_api_18041_redforward_08','tee_api_18041_redforward',8,5,5);
INSERT OR REPLACE INTO holes (id, tee_id, hole_number, par, stroke_index) VALUES ('h_api_18041_redforward_09','tee_api_18041_redforward',9,3,11);
INSERT OR REPLACE INTO holes (id, tee_id, hole_number, par, stroke_index) VALUES ('h_api_18041_redforward_10','tee_api_18041_redforward',10,4,4);
INSERT OR REPLACE INTO holes (id, tee_id, hole_number, par, stroke_index) VALUES ('h_api_18041_redforward_11','tee_api_18041_redforward',11,4,12);
INSERT OR REPLACE INTO holes (id, tee_id, hole_number, par, stroke_index) VALUES ('h_api_18041_redforward_12','tee_api_18041_redforward',12,3,18);
INSERT OR REPLACE INTO holes (id, tee_id, hole_number, par, stroke_index) VALUES ('h_api_18041_redforward_13','tee_api_18041_redforward',13,4,2);
INSERT OR REPLACE INTO holes (id, tee_id, hole_number, par, stroke_index) VALUES ('h_api_18041_redforward_14','tee_api_18041_redforward',14,5,8);
INSERT OR REPLACE INTO holes (id, tee_id, hole_number, par, stroke_index) VALUES ('h_api_18041_redforward_15','tee_api_18041_redforward',15,3,16);
INSERT OR REPLACE INTO holes (id, tee_id, hole_number, par, stroke_index) VALUES ('h_api_18041_redforward_16','tee_api_18041_redforward',16,4,14);
INSERT OR REPLACE INTO holes (id, tee_id, hole_number, par, stroke_index) VALUES ('h_api_18041_redforward_17','tee_api_18041_redforward',17,4,6);
INSERT OR REPLACE INTO holes (id, tee_id, hole_number, par, stroke_index) VALUES ('h_api_18041_redforward_18','tee_api_18041_redforward',18,5,10);

INSERT OR REPLACE INTO courses (id, name, city, state, latitude, longitude, created_at) VALUES ('course_api_10447','The National Golf Club Of Kansas City','Parkville','MO',39.21878,-94.71205,'2026-06-09T00:00:00.000Z');
INSERT OR REPLACE INTO tees (id, course_id, name, gender, course_rating, slope_rating, par, front_course_rating, front_slope_rating, front_par, back_course_rating, back_slope_rating, back_par) VALUES ('tee_api_10447_blackwatson','course_api_10447','Black (Watson)','M',74.5,144,72,37,150,36,37.5,138,36);
INSERT OR REPLACE INTO holes (id, tee_id, hole_number, par, stroke_index) VALUES ('h_api_10447_blackwatson_01','tee_api_10447_blackwatson',1,4,15);
INSERT OR REPLACE INTO holes (id, tee_id, hole_number, par, stroke_index) VALUES ('h_api_10447_blackwatson_02','tee_api_10447_blackwatson',2,5,17);
INSERT OR REPLACE INTO holes (id, tee_id, hole_number, par, stroke_index) VALUES ('h_api_10447_blackwatson_03','tee_api_10447_blackwatson',3,4,5);
INSERT OR REPLACE INTO holes (id, tee_id, hole_number, par, stroke_index) VALUES ('h_api_10447_blackwatson_04','tee_api_10447_blackwatson',4,3,13);
INSERT OR REPLACE INTO holes (id, tee_id, hole_number, par, stroke_index) VALUES ('h_api_10447_blackwatson_05','tee_api_10447_blackwatson',5,5,3);
INSERT OR REPLACE INTO holes (id, tee_id, hole_number, par, stroke_index) VALUES ('h_api_10447_blackwatson_06','tee_api_10447_blackwatson',6,3,11);
INSERT OR REPLACE INTO holes (id, tee_id, hole_number, par, stroke_index) VALUES ('h_api_10447_blackwatson_07','tee_api_10447_blackwatson',7,4,1);
INSERT OR REPLACE INTO holes (id, tee_id, hole_number, par, stroke_index) VALUES ('h_api_10447_blackwatson_08','tee_api_10447_blackwatson',8,4,7);
INSERT OR REPLACE INTO holes (id, tee_id, hole_number, par, stroke_index) VALUES ('h_api_10447_blackwatson_09','tee_api_10447_blackwatson',9,4,9);
INSERT OR REPLACE INTO holes (id, tee_id, hole_number, par, stroke_index) VALUES ('h_api_10447_blackwatson_10','tee_api_10447_blackwatson',10,4,8);
INSERT OR REPLACE INTO holes (id, tee_id, hole_number, par, stroke_index) VALUES ('h_api_10447_blackwatson_11','tee_api_10447_blackwatson',11,4,12);
INSERT OR REPLACE INTO holes (id, tee_id, hole_number, par, stroke_index) VALUES ('h_api_10447_blackwatson_12','tee_api_10447_blackwatson',12,4,2);
INSERT OR REPLACE INTO holes (id, tee_id, hole_number, par, stroke_index) VALUES ('h_api_10447_blackwatson_13','tee_api_10447_blackwatson',13,4,18);
INSERT OR REPLACE INTO holes (id, tee_id, hole_number, par, stroke_index) VALUES ('h_api_10447_blackwatson_14','tee_api_10447_blackwatson',14,3,16);
INSERT OR REPLACE INTO holes (id, tee_id, hole_number, par, stroke_index) VALUES ('h_api_10447_blackwatson_15','tee_api_10447_blackwatson',15,5,6);
INSERT OR REPLACE INTO holes (id, tee_id, hole_number, par, stroke_index) VALUES ('h_api_10447_blackwatson_16','tee_api_10447_blackwatson',16,3,14);
INSERT OR REPLACE INTO holes (id, tee_id, hole_number, par, stroke_index) VALUES ('h_api_10447_blackwatson_17','tee_api_10447_blackwatson',17,4,4);
INSERT OR REPLACE INTO holes (id, tee_id, hole_number, par, stroke_index) VALUES ('h_api_10447_blackwatson_18','tee_api_10447_blackwatson',18,5,10);
INSERT OR REPLACE INTO tees (id, course_id, name, gender, course_rating, slope_rating, par, front_course_rating, front_slope_rating, front_par, back_course_rating, back_slope_rating, back_par) VALUES ('tee_api_10447_ailsacomboblkpur','course_api_10447','Ailsa Combo (Blk/Pur)','M',74.1,143,72,37.1,147,36,37,138,36);
INSERT OR REPLACE INTO holes (id, tee_id, hole_number, par, stroke_index) VALUES ('h_api_10447_ailsacomboblkpur_01','tee_api_10447_ailsacomboblkpur',1,4,15);
INSERT OR REPLACE INTO holes (id, tee_id, hole_number, par, stroke_index) VALUES ('h_api_10447_ailsacomboblkpur_02','tee_api_10447_ailsacomboblkpur',2,5,17);
INSERT OR REPLACE INTO holes (id, tee_id, hole_number, par, stroke_index) VALUES ('h_api_10447_ailsacomboblkpur_03','tee_api_10447_ailsacomboblkpur',3,4,5);
INSERT OR REPLACE INTO holes (id, tee_id, hole_number, par, stroke_index) VALUES ('h_api_10447_ailsacomboblkpur_04','tee_api_10447_ailsacomboblkpur',4,3,13);
INSERT OR REPLACE INTO holes (id, tee_id, hole_number, par, stroke_index) VALUES ('h_api_10447_ailsacomboblkpur_05','tee_api_10447_ailsacomboblkpur',5,5,3);
INSERT OR REPLACE INTO holes (id, tee_id, hole_number, par, stroke_index) VALUES ('h_api_10447_ailsacomboblkpur_06','tee_api_10447_ailsacomboblkpur',6,3,11);
INSERT OR REPLACE INTO holes (id, tee_id, hole_number, par, stroke_index) VALUES ('h_api_10447_ailsacomboblkpur_07','tee_api_10447_ailsacomboblkpur',7,4,1);
INSERT OR REPLACE INTO holes (id, tee_id, hole_number, par, stroke_index) VALUES ('h_api_10447_ailsacomboblkpur_08','tee_api_10447_ailsacomboblkpur',8,4,7);
INSERT OR REPLACE INTO holes (id, tee_id, hole_number, par, stroke_index) VALUES ('h_api_10447_ailsacomboblkpur_09','tee_api_10447_ailsacomboblkpur',9,4,9);
INSERT OR REPLACE INTO holes (id, tee_id, hole_number, par, stroke_index) VALUES ('h_api_10447_ailsacomboblkpur_10','tee_api_10447_ailsacomboblkpur',10,4,8);
INSERT OR REPLACE INTO holes (id, tee_id, hole_number, par, stroke_index) VALUES ('h_api_10447_ailsacomboblkpur_11','tee_api_10447_ailsacomboblkpur',11,4,12);
INSERT OR REPLACE INTO holes (id, tee_id, hole_number, par, stroke_index) VALUES ('h_api_10447_ailsacomboblkpur_12','tee_api_10447_ailsacomboblkpur',12,4,2);
INSERT OR REPLACE INTO holes (id, tee_id, hole_number, par, stroke_index) VALUES ('h_api_10447_ailsacomboblkpur_13','tee_api_10447_ailsacomboblkpur',13,4,18);
INSERT OR REPLACE INTO holes (id, tee_id, hole_number, par, stroke_index) VALUES ('h_api_10447_ailsacomboblkpur_14','tee_api_10447_ailsacomboblkpur',14,3,16);
INSERT OR REPLACE INTO holes (id, tee_id, hole_number, par, stroke_index) VALUES ('h_api_10447_ailsacomboblkpur_15','tee_api_10447_ailsacomboblkpur',15,5,6);
INSERT OR REPLACE INTO holes (id, tee_id, hole_number, par, stroke_index) VALUES ('h_api_10447_ailsacomboblkpur_16','tee_api_10447_ailsacomboblkpur',16,3,14);
INSERT OR REPLACE INTO holes (id, tee_id, hole_number, par, stroke_index) VALUES ('h_api_10447_ailsacomboblkpur_17','tee_api_10447_ailsacomboblkpur',17,4,4);
INSERT OR REPLACE INTO holes (id, tee_id, hole_number, par, stroke_index) VALUES ('h_api_10447_ailsacomboblkpur_18','tee_api_10447_ailsacomboblkpur',18,5,10);
INSERT OR REPLACE INTO tees (id, course_id, name, gender, course_rating, slope_rating, par, front_course_rating, front_slope_rating, front_par, back_course_rating, back_slope_rating, back_par) VALUES ('tee_api_10447_purplechampion','course_api_10447','Purple (Champion)','M',72.9,141,72,36.5,145,36,36.4,136,36);
INSERT OR REPLACE INTO holes (id, tee_id, hole_number, par, stroke_index) VALUES ('h_api_10447_purplechampion_01','tee_api_10447_purplechampion',1,4,15);
INSERT OR REPLACE INTO holes (id, tee_id, hole_number, par, stroke_index) VALUES ('h_api_10447_purplechampion_02','tee_api_10447_purplechampion',2,5,17);
INSERT OR REPLACE INTO holes (id, tee_id, hole_number, par, stroke_index) VALUES ('h_api_10447_purplechampion_03','tee_api_10447_purplechampion',3,4,5);
INSERT OR REPLACE INTO holes (id, tee_id, hole_number, par, stroke_index) VALUES ('h_api_10447_purplechampion_04','tee_api_10447_purplechampion',4,3,13);
INSERT OR REPLACE INTO holes (id, tee_id, hole_number, par, stroke_index) VALUES ('h_api_10447_purplechampion_05','tee_api_10447_purplechampion',5,5,3);
INSERT OR REPLACE INTO holes (id, tee_id, hole_number, par, stroke_index) VALUES ('h_api_10447_purplechampion_06','tee_api_10447_purplechampion',6,3,11);
INSERT OR REPLACE INTO holes (id, tee_id, hole_number, par, stroke_index) VALUES ('h_api_10447_purplechampion_07','tee_api_10447_purplechampion',7,4,1);
INSERT OR REPLACE INTO holes (id, tee_id, hole_number, par, stroke_index) VALUES ('h_api_10447_purplechampion_08','tee_api_10447_purplechampion',8,4,7);
INSERT OR REPLACE INTO holes (id, tee_id, hole_number, par, stroke_index) VALUES ('h_api_10447_purplechampion_09','tee_api_10447_purplechampion',9,4,9);
INSERT OR REPLACE INTO holes (id, tee_id, hole_number, par, stroke_index) VALUES ('h_api_10447_purplechampion_10','tee_api_10447_purplechampion',10,4,8);
INSERT OR REPLACE INTO holes (id, tee_id, hole_number, par, stroke_index) VALUES ('h_api_10447_purplechampion_11','tee_api_10447_purplechampion',11,4,12);
INSERT OR REPLACE INTO holes (id, tee_id, hole_number, par, stroke_index) VALUES ('h_api_10447_purplechampion_12','tee_api_10447_purplechampion',12,4,2);
INSERT OR REPLACE INTO holes (id, tee_id, hole_number, par, stroke_index) VALUES ('h_api_10447_purplechampion_13','tee_api_10447_purplechampion',13,4,18);
INSERT OR REPLACE INTO holes (id, tee_id, hole_number, par, stroke_index) VALUES ('h_api_10447_purplechampion_14','tee_api_10447_purplechampion',14,3,16);
INSERT OR REPLACE INTO holes (id, tee_id, hole_number, par, stroke_index) VALUES ('h_api_10447_purplechampion_15','tee_api_10447_purplechampion',15,5,6);
INSERT OR REPLACE INTO holes (id, tee_id, hole_number, par, stroke_index) VALUES ('h_api_10447_purplechampion_16','tee_api_10447_purplechampion',16,3,14);
INSERT OR REPLACE INTO holes (id, tee_id, hole_number, par, stroke_index) VALUES ('h_api_10447_purplechampion_17','tee_api_10447_purplechampion',17,4,4);
INSERT OR REPLACE INTO holes (id, tee_id, hole_number, par, stroke_index) VALUES ('h_api_10447_purplechampion_18','tee_api_10447_purplechampion',18,5,10);
INSERT OR REPLACE INTO tees (id, course_id, name, gender, course_rating, slope_rating, par, front_course_rating, front_slope_rating, front_par, back_course_rating, back_slope_rating, back_par) VALUES ('tee_api_10447_kintyrecombopurgld','course_api_10447','Kintyre Combo (Pur/Gld)','M',71.9,138,72,36,143,36,35.9,132,36);
INSERT OR REPLACE INTO holes (id, tee_id, hole_number, par, stroke_index) VALUES ('h_api_10447_kintyrecombopurgld_01','tee_api_10447_kintyrecombopurgld',1,4,15);
INSERT OR REPLACE INTO holes (id, tee_id, hole_number, par, stroke_index) VALUES ('h_api_10447_kintyrecombopurgld_02','tee_api_10447_kintyrecombopurgld',2,5,17);
INSERT OR REPLACE INTO holes (id, tee_id, hole_number, par, stroke_index) VALUES ('h_api_10447_kintyrecombopurgld_03','tee_api_10447_kintyrecombopurgld',3,4,5);
INSERT OR REPLACE INTO holes (id, tee_id, hole_number, par, stroke_index) VALUES ('h_api_10447_kintyrecombopurgld_04','tee_api_10447_kintyrecombopurgld',4,3,13);
INSERT OR REPLACE INTO holes (id, tee_id, hole_number, par, stroke_index) VALUES ('h_api_10447_kintyrecombopurgld_05','tee_api_10447_kintyrecombopurgld',5,5,3);
INSERT OR REPLACE INTO holes (id, tee_id, hole_number, par, stroke_index) VALUES ('h_api_10447_kintyrecombopurgld_06','tee_api_10447_kintyrecombopurgld',6,3,11);
INSERT OR REPLACE INTO holes (id, tee_id, hole_number, par, stroke_index) VALUES ('h_api_10447_kintyrecombopurgld_07','tee_api_10447_kintyrecombopurgld',7,4,1);
INSERT OR REPLACE INTO holes (id, tee_id, hole_number, par, stroke_index) VALUES ('h_api_10447_kintyrecombopurgld_08','tee_api_10447_kintyrecombopurgld',8,4,7);
INSERT OR REPLACE INTO holes (id, tee_id, hole_number, par, stroke_index) VALUES ('h_api_10447_kintyrecombopurgld_09','tee_api_10447_kintyrecombopurgld',9,4,9);
INSERT OR REPLACE INTO holes (id, tee_id, hole_number, par, stroke_index) VALUES ('h_api_10447_kintyrecombopurgld_10','tee_api_10447_kintyrecombopurgld',10,4,8);
INSERT OR REPLACE INTO holes (id, tee_id, hole_number, par, stroke_index) VALUES ('h_api_10447_kintyrecombopurgld_11','tee_api_10447_kintyrecombopurgld',11,4,12);
INSERT OR REPLACE INTO holes (id, tee_id, hole_number, par, stroke_index) VALUES ('h_api_10447_kintyrecombopurgld_12','tee_api_10447_kintyrecombopurgld',12,4,2);
INSERT OR REPLACE INTO holes (id, tee_id, hole_number, par, stroke_index) VALUES ('h_api_10447_kintyrecombopurgld_13','tee_api_10447_kintyrecombopurgld',13,4,18);
INSERT OR REPLACE INTO holes (id, tee_id, hole_number, par, stroke_index) VALUES ('h_api_10447_kintyrecombopurgld_14','tee_api_10447_kintyrecombopurgld',14,3,16);
INSERT OR REPLACE INTO holes (id, tee_id, hole_number, par, stroke_index) VALUES ('h_api_10447_kintyrecombopurgld_15','tee_api_10447_kintyrecombopurgld',15,5,6);
INSERT OR REPLACE INTO holes (id, tee_id, hole_number, par, stroke_index) VALUES ('h_api_10447_kintyrecombopurgld_16','tee_api_10447_kintyrecombopurgld',16,3,14);
INSERT OR REPLACE INTO holes (id, tee_id, hole_number, par, stroke_index) VALUES ('h_api_10447_kintyrecombopurgld_17','tee_api_10447_kintyrecombopurgld',17,4,4);
INSERT OR REPLACE INTO holes (id, tee_id, hole_number, par, stroke_index) VALUES ('h_api_10447_kintyrecombopurgld_18','tee_api_10447_kintyrecombopurgld',18,5,10);
INSERT OR REPLACE INTO tees (id, course_id, name, gender, course_rating, slope_rating, par, front_course_rating, front_slope_rating, front_par, back_course_rating, back_slope_rating, back_par) VALUES ('tee_api_10447_goldmember','course_api_10447','Gold (Member)','M',70.7,137,72,35.3,142,36,35.4,131,36);
INSERT OR REPLACE INTO holes (id, tee_id, hole_number, par, stroke_index) VALUES ('h_api_10447_goldmember_01','tee_api_10447_goldmember',1,4,15);
INSERT OR REPLACE INTO holes (id, tee_id, hole_number, par, stroke_index) VALUES ('h_api_10447_goldmember_02','tee_api_10447_goldmember',2,5,17);
INSERT OR REPLACE INTO holes (id, tee_id, hole_number, par, stroke_index) VALUES ('h_api_10447_goldmember_03','tee_api_10447_goldmember',3,4,5);
INSERT OR REPLACE INTO holes (id, tee_id, hole_number, par, stroke_index) VALUES ('h_api_10447_goldmember_04','tee_api_10447_goldmember',4,3,13);
INSERT OR REPLACE INTO holes (id, tee_id, hole_number, par, stroke_index) VALUES ('h_api_10447_goldmember_05','tee_api_10447_goldmember',5,5,3);
INSERT OR REPLACE INTO holes (id, tee_id, hole_number, par, stroke_index) VALUES ('h_api_10447_goldmember_06','tee_api_10447_goldmember',6,3,11);
INSERT OR REPLACE INTO holes (id, tee_id, hole_number, par, stroke_index) VALUES ('h_api_10447_goldmember_07','tee_api_10447_goldmember',7,4,1);
INSERT OR REPLACE INTO holes (id, tee_id, hole_number, par, stroke_index) VALUES ('h_api_10447_goldmember_08','tee_api_10447_goldmember',8,4,7);
INSERT OR REPLACE INTO holes (id, tee_id, hole_number, par, stroke_index) VALUES ('h_api_10447_goldmember_09','tee_api_10447_goldmember',9,4,9);
INSERT OR REPLACE INTO holes (id, tee_id, hole_number, par, stroke_index) VALUES ('h_api_10447_goldmember_10','tee_api_10447_goldmember',10,4,8);
INSERT OR REPLACE INTO holes (id, tee_id, hole_number, par, stroke_index) VALUES ('h_api_10447_goldmember_11','tee_api_10447_goldmember',11,4,12);
INSERT OR REPLACE INTO holes (id, tee_id, hole_number, par, stroke_index) VALUES ('h_api_10447_goldmember_12','tee_api_10447_goldmember',12,4,2);
INSERT OR REPLACE INTO holes (id, tee_id, hole_number, par, stroke_index) VALUES ('h_api_10447_goldmember_13','tee_api_10447_goldmember',13,4,18);
INSERT OR REPLACE INTO holes (id, tee_id, hole_number, par, stroke_index) VALUES ('h_api_10447_goldmember_14','tee_api_10447_goldmember',14,3,16);
INSERT OR REPLACE INTO holes (id, tee_id, hole_number, par, stroke_index) VALUES ('h_api_10447_goldmember_15','tee_api_10447_goldmember',15,5,6);
INSERT OR REPLACE INTO holes (id, tee_id, hole_number, par, stroke_index) VALUES ('h_api_10447_goldmember_16','tee_api_10447_goldmember',16,3,14);
INSERT OR REPLACE INTO holes (id, tee_id, hole_number, par, stroke_index) VALUES ('h_api_10447_goldmember_17','tee_api_10447_goldmember',17,4,4);
INSERT OR REPLACE INTO holes (id, tee_id, hole_number, par, stroke_index) VALUES ('h_api_10447_goldmember_18','tee_api_10447_goldmember',18,5,10);
INSERT OR REPLACE INTO tees (id, course_id, name, gender, course_rating, slope_rating, par, front_course_rating, front_slope_rating, front_par, back_course_rating, back_slope_rating, back_par) VALUES ('tee_api_10447_oliveclub','course_api_10447','Olive (Club)','M',67.9,129,72,33.8,132,36,34.1,125,36);
INSERT OR REPLACE INTO holes (id, tee_id, hole_number, par, stroke_index) VALUES ('h_api_10447_oliveclub_01','tee_api_10447_oliveclub',1,4,15);
INSERT OR REPLACE INTO holes (id, tee_id, hole_number, par, stroke_index) VALUES ('h_api_10447_oliveclub_02','tee_api_10447_oliveclub',2,5,17);
INSERT OR REPLACE INTO holes (id, tee_id, hole_number, par, stroke_index) VALUES ('h_api_10447_oliveclub_03','tee_api_10447_oliveclub',3,4,5);
INSERT OR REPLACE INTO holes (id, tee_id, hole_number, par, stroke_index) VALUES ('h_api_10447_oliveclub_04','tee_api_10447_oliveclub',4,3,13);
INSERT OR REPLACE INTO holes (id, tee_id, hole_number, par, stroke_index) VALUES ('h_api_10447_oliveclub_05','tee_api_10447_oliveclub',5,5,3);
INSERT OR REPLACE INTO holes (id, tee_id, hole_number, par, stroke_index) VALUES ('h_api_10447_oliveclub_06','tee_api_10447_oliveclub',6,3,11);
INSERT OR REPLACE INTO holes (id, tee_id, hole_number, par, stroke_index) VALUES ('h_api_10447_oliveclub_07','tee_api_10447_oliveclub',7,4,1);
INSERT OR REPLACE INTO holes (id, tee_id, hole_number, par, stroke_index) VALUES ('h_api_10447_oliveclub_08','tee_api_10447_oliveclub',8,4,7);
INSERT OR REPLACE INTO holes (id, tee_id, hole_number, par, stroke_index) VALUES ('h_api_10447_oliveclub_09','tee_api_10447_oliveclub',9,4,9);
INSERT OR REPLACE INTO holes (id, tee_id, hole_number, par, stroke_index) VALUES ('h_api_10447_oliveclub_10','tee_api_10447_oliveclub',10,4,8);
INSERT OR REPLACE INTO holes (id, tee_id, hole_number, par, stroke_index) VALUES ('h_api_10447_oliveclub_11','tee_api_10447_oliveclub',11,4,12);
INSERT OR REPLACE INTO holes (id, tee_id, hole_number, par, stroke_index) VALUES ('h_api_10447_oliveclub_12','tee_api_10447_oliveclub',12,4,2);
INSERT OR REPLACE INTO holes (id, tee_id, hole_number, par, stroke_index) VALUES ('h_api_10447_oliveclub_13','tee_api_10447_oliveclub',13,4,18);
INSERT OR REPLACE INTO holes (id, tee_id, hole_number, par, stroke_index) VALUES ('h_api_10447_oliveclub_14','tee_api_10447_oliveclub',14,3,16);
INSERT OR REPLACE INTO holes (id, tee_id, hole_number, par, stroke_index) VALUES ('h_api_10447_oliveclub_15','tee_api_10447_oliveclub',15,5,6);
INSERT OR REPLACE INTO holes (id, tee_id, hole_number, par, stroke_index) VALUES ('h_api_10447_oliveclub_16','tee_api_10447_oliveclub',16,3,14);
INSERT OR REPLACE INTO holes (id, tee_id, hole_number, par, stroke_index) VALUES ('h_api_10447_oliveclub_17','tee_api_10447_oliveclub',17,4,4);
INSERT OR REPLACE INTO holes (id, tee_id, hole_number, par, stroke_index) VALUES ('h_api_10447_oliveclub_18','tee_api_10447_oliveclub',18,5,10);
INSERT OR REPLACE INTO tees (id, course_id, name, gender, course_rating, slope_rating, par, front_course_rating, front_slope_rating, front_par, back_course_rating, back_slope_rating, back_par) VALUES ('tee_api_10447_whiteforward','course_api_10447','White (Forward)','M',66,125,72,32.4,124,36,33.6,125,36);
INSERT OR REPLACE INTO holes (id, tee_id, hole_number, par, stroke_index) VALUES ('h_api_10447_whiteforward_01','tee_api_10447_whiteforward',1,4,15);
INSERT OR REPLACE INTO holes (id, tee_id, hole_number, par, stroke_index) VALUES ('h_api_10447_whiteforward_02','tee_api_10447_whiteforward',2,5,17);
INSERT OR REPLACE INTO holes (id, tee_id, hole_number, par, stroke_index) VALUES ('h_api_10447_whiteforward_03','tee_api_10447_whiteforward',3,4,5);
INSERT OR REPLACE INTO holes (id, tee_id, hole_number, par, stroke_index) VALUES ('h_api_10447_whiteforward_04','tee_api_10447_whiteforward',4,3,13);
INSERT OR REPLACE INTO holes (id, tee_id, hole_number, par, stroke_index) VALUES ('h_api_10447_whiteforward_05','tee_api_10447_whiteforward',5,5,3);
INSERT OR REPLACE INTO holes (id, tee_id, hole_number, par, stroke_index) VALUES ('h_api_10447_whiteforward_06','tee_api_10447_whiteforward',6,3,11);
INSERT OR REPLACE INTO holes (id, tee_id, hole_number, par, stroke_index) VALUES ('h_api_10447_whiteforward_07','tee_api_10447_whiteforward',7,4,1);
INSERT OR REPLACE INTO holes (id, tee_id, hole_number, par, stroke_index) VALUES ('h_api_10447_whiteforward_08','tee_api_10447_whiteforward',8,4,7);
INSERT OR REPLACE INTO holes (id, tee_id, hole_number, par, stroke_index) VALUES ('h_api_10447_whiteforward_09','tee_api_10447_whiteforward',9,4,9);
INSERT OR REPLACE INTO holes (id, tee_id, hole_number, par, stroke_index) VALUES ('h_api_10447_whiteforward_10','tee_api_10447_whiteforward',10,4,8);
INSERT OR REPLACE INTO holes (id, tee_id, hole_number, par, stroke_index) VALUES ('h_api_10447_whiteforward_11','tee_api_10447_whiteforward',11,4,12);
INSERT OR REPLACE INTO holes (id, tee_id, hole_number, par, stroke_index) VALUES ('h_api_10447_whiteforward_12','tee_api_10447_whiteforward',12,4,2);
INSERT OR REPLACE INTO holes (id, tee_id, hole_number, par, stroke_index) VALUES ('h_api_10447_whiteforward_13','tee_api_10447_whiteforward',13,4,18);
INSERT OR REPLACE INTO holes (id, tee_id, hole_number, par, stroke_index) VALUES ('h_api_10447_whiteforward_14','tee_api_10447_whiteforward',14,3,16);
INSERT OR REPLACE INTO holes (id, tee_id, hole_number, par, stroke_index) VALUES ('h_api_10447_whiteforward_15','tee_api_10447_whiteforward',15,5,6);
INSERT OR REPLACE INTO holes (id, tee_id, hole_number, par, stroke_index) VALUES ('h_api_10447_whiteforward_16','tee_api_10447_whiteforward',16,3,14);
INSERT OR REPLACE INTO holes (id, tee_id, hole_number, par, stroke_index) VALUES ('h_api_10447_whiteforward_17','tee_api_10447_whiteforward',17,4,4);
INSERT OR REPLACE INTO holes (id, tee_id, hole_number, par, stroke_index) VALUES ('h_api_10447_whiteforward_18','tee_api_10447_whiteforward',18,5,10);

INSERT OR REPLACE INTO courses (id, name, city, state, latitude, longitude, created_at) VALUES ('course_api_18127','Tiffany Greens Golf Club','Kansas City','MO',39.274273,-94.64596,'2026-06-09T00:00:00.000Z');
INSERT OR REPLACE INTO tees (id, course_id, name, gender, course_rating, slope_rating, par, front_course_rating, front_slope_rating, front_par, back_course_rating, back_slope_rating, back_par) VALUES ('tee_api_18127_tiff','course_api_18127','Tiff','M',74.2,144,72,37.2,144,36,37,143,36);
INSERT OR REPLACE INTO holes (id, tee_id, hole_number, par, stroke_index) VALUES ('h_api_18127_tiff_01','tee_api_18127_tiff',1,5,13);
INSERT OR REPLACE INTO holes (id, tee_id, hole_number, par, stroke_index) VALUES ('h_api_18127_tiff_02','tee_api_18127_tiff',2,4,5);
INSERT OR REPLACE INTO holes (id, tee_id, hole_number, par, stroke_index) VALUES ('h_api_18127_tiff_03','tee_api_18127_tiff',3,4,3);
INSERT OR REPLACE INTO holes (id, tee_id, hole_number, par, stroke_index) VALUES ('h_api_18127_tiff_04','tee_api_18127_tiff',4,3,9);
INSERT OR REPLACE INTO holes (id, tee_id, hole_number, par, stroke_index) VALUES ('h_api_18127_tiff_05','tee_api_18127_tiff',5,4,11);
INSERT OR REPLACE INTO holes (id, tee_id, hole_number, par, stroke_index) VALUES ('h_api_18127_tiff_06','tee_api_18127_tiff',6,3,15);
INSERT OR REPLACE INTO holes (id, tee_id, hole_number, par, stroke_index) VALUES ('h_api_18127_tiff_07','tee_api_18127_tiff',7,4,17);
INSERT OR REPLACE INTO holes (id, tee_id, hole_number, par, stroke_index) VALUES ('h_api_18127_tiff_08','tee_api_18127_tiff',8,4,1);
INSERT OR REPLACE INTO holes (id, tee_id, hole_number, par, stroke_index) VALUES ('h_api_18127_tiff_09','tee_api_18127_tiff',9,5,7);
INSERT OR REPLACE INTO holes (id, tee_id, hole_number, par, stroke_index) VALUES ('h_api_18127_tiff_10','tee_api_18127_tiff',10,3,12);
INSERT OR REPLACE INTO holes (id, tee_id, hole_number, par, stroke_index) VALUES ('h_api_18127_tiff_11','tee_api_18127_tiff',11,5,18);
INSERT OR REPLACE INTO holes (id, tee_id, hole_number, par, stroke_index) VALUES ('h_api_18127_tiff_12','tee_api_18127_tiff',12,4,6);
INSERT OR REPLACE INTO holes (id, tee_id, hole_number, par, stroke_index) VALUES ('h_api_18127_tiff_13','tee_api_18127_tiff',13,4,2);
INSERT OR REPLACE INTO holes (id, tee_id, hole_number, par, stroke_index) VALUES ('h_api_18127_tiff_14','tee_api_18127_tiff',14,4,16);
INSERT OR REPLACE INTO holes (id, tee_id, hole_number, par, stroke_index) VALUES ('h_api_18127_tiff_15','tee_api_18127_tiff',15,3,10);
INSERT OR REPLACE INTO holes (id, tee_id, hole_number, par, stroke_index) VALUES ('h_api_18127_tiff_16','tee_api_18127_tiff',16,5,14);
INSERT OR REPLACE INTO holes (id, tee_id, hole_number, par, stroke_index) VALUES ('h_api_18127_tiff_17','tee_api_18127_tiff',17,4,8);
INSERT OR REPLACE INTO holes (id, tee_id, hole_number, par, stroke_index) VALUES ('h_api_18127_tiff_18','tee_api_18127_tiff',18,4,4);
INSERT OR REPLACE INTO tees (id, course_id, name, gender, course_rating, slope_rating, par, front_course_rating, front_slope_rating, front_par, back_course_rating, back_slope_rating, back_par) VALUES ('tee_api_18127_tiffgoldcombo','course_api_18127','Tiff/Gold Combo','M',73.2,142,72,36.8,142,36,36.4,141,36);
INSERT OR REPLACE INTO holes (id, tee_id, hole_number, par, stroke_index) VALUES ('h_api_18127_tiffgoldcombo_01','tee_api_18127_tiffgoldcombo',1,5,13);
INSERT OR REPLACE INTO holes (id, tee_id, hole_number, par, stroke_index) VALUES ('h_api_18127_tiffgoldcombo_02','tee_api_18127_tiffgoldcombo',2,4,5);
INSERT OR REPLACE INTO holes (id, tee_id, hole_number, par, stroke_index) VALUES ('h_api_18127_tiffgoldcombo_03','tee_api_18127_tiffgoldcombo',3,4,3);
INSERT OR REPLACE INTO holes (id, tee_id, hole_number, par, stroke_index) VALUES ('h_api_18127_tiffgoldcombo_04','tee_api_18127_tiffgoldcombo',4,3,9);
INSERT OR REPLACE INTO holes (id, tee_id, hole_number, par, stroke_index) VALUES ('h_api_18127_tiffgoldcombo_05','tee_api_18127_tiffgoldcombo',5,4,11);
INSERT OR REPLACE INTO holes (id, tee_id, hole_number, par, stroke_index) VALUES ('h_api_18127_tiffgoldcombo_06','tee_api_18127_tiffgoldcombo',6,3,15);
INSERT OR REPLACE INTO holes (id, tee_id, hole_number, par, stroke_index) VALUES ('h_api_18127_tiffgoldcombo_07','tee_api_18127_tiffgoldcombo',7,4,17);
INSERT OR REPLACE INTO holes (id, tee_id, hole_number, par, stroke_index) VALUES ('h_api_18127_tiffgoldcombo_08','tee_api_18127_tiffgoldcombo',8,4,1);
INSERT OR REPLACE INTO holes (id, tee_id, hole_number, par, stroke_index) VALUES ('h_api_18127_tiffgoldcombo_09','tee_api_18127_tiffgoldcombo',9,5,7);
INSERT OR REPLACE INTO holes (id, tee_id, hole_number, par, stroke_index) VALUES ('h_api_18127_tiffgoldcombo_10','tee_api_18127_tiffgoldcombo',10,3,12);
INSERT OR REPLACE INTO holes (id, tee_id, hole_number, par, stroke_index) VALUES ('h_api_18127_tiffgoldcombo_11','tee_api_18127_tiffgoldcombo',11,5,18);
INSERT OR REPLACE INTO holes (id, tee_id, hole_number, par, stroke_index) VALUES ('h_api_18127_tiffgoldcombo_12','tee_api_18127_tiffgoldcombo',12,4,6);
INSERT OR REPLACE INTO holes (id, tee_id, hole_number, par, stroke_index) VALUES ('h_api_18127_tiffgoldcombo_13','tee_api_18127_tiffgoldcombo',13,4,2);
INSERT OR REPLACE INTO holes (id, tee_id, hole_number, par, stroke_index) VALUES ('h_api_18127_tiffgoldcombo_14','tee_api_18127_tiffgoldcombo',14,4,16);
INSERT OR REPLACE INTO holes (id, tee_id, hole_number, par, stroke_index) VALUES ('h_api_18127_tiffgoldcombo_15','tee_api_18127_tiffgoldcombo',15,3,10);
INSERT OR REPLACE INTO holes (id, tee_id, hole_number, par, stroke_index) VALUES ('h_api_18127_tiffgoldcombo_16','tee_api_18127_tiffgoldcombo',16,5,14);
INSERT OR REPLACE INTO holes (id, tee_id, hole_number, par, stroke_index) VALUES ('h_api_18127_tiffgoldcombo_17','tee_api_18127_tiffgoldcombo',17,4,8);
INSERT OR REPLACE INTO holes (id, tee_id, hole_number, par, stroke_index) VALUES ('h_api_18127_tiffgoldcombo_18','tee_api_18127_tiffgoldcombo',18,4,4);
INSERT OR REPLACE INTO tees (id, course_id, name, gender, course_rating, slope_rating, par, front_course_rating, front_slope_rating, front_par, back_course_rating, back_slope_rating, back_par) VALUES ('tee_api_18127_gold','course_api_18127','Gold','M',70.9,141,72,35.8,141,36,35.1,140,36);
INSERT OR REPLACE INTO holes (id, tee_id, hole_number, par, stroke_index) VALUES ('h_api_18127_gold_01','tee_api_18127_gold',1,5,13);
INSERT OR REPLACE INTO holes (id, tee_id, hole_number, par, stroke_index) VALUES ('h_api_18127_gold_02','tee_api_18127_gold',2,4,5);
INSERT OR REPLACE INTO holes (id, tee_id, hole_number, par, stroke_index) VALUES ('h_api_18127_gold_03','tee_api_18127_gold',3,4,3);
INSERT OR REPLACE INTO holes (id, tee_id, hole_number, par, stroke_index) VALUES ('h_api_18127_gold_04','tee_api_18127_gold',4,3,9);
INSERT OR REPLACE INTO holes (id, tee_id, hole_number, par, stroke_index) VALUES ('h_api_18127_gold_05','tee_api_18127_gold',5,4,11);
INSERT OR REPLACE INTO holes (id, tee_id, hole_number, par, stroke_index) VALUES ('h_api_18127_gold_06','tee_api_18127_gold',6,3,15);
INSERT OR REPLACE INTO holes (id, tee_id, hole_number, par, stroke_index) VALUES ('h_api_18127_gold_07','tee_api_18127_gold',7,4,17);
INSERT OR REPLACE INTO holes (id, tee_id, hole_number, par, stroke_index) VALUES ('h_api_18127_gold_08','tee_api_18127_gold',8,4,1);
INSERT OR REPLACE INTO holes (id, tee_id, hole_number, par, stroke_index) VALUES ('h_api_18127_gold_09','tee_api_18127_gold',9,5,7);
INSERT OR REPLACE INTO holes (id, tee_id, hole_number, par, stroke_index) VALUES ('h_api_18127_gold_10','tee_api_18127_gold',10,3,12);
INSERT OR REPLACE INTO holes (id, tee_id, hole_number, par, stroke_index) VALUES ('h_api_18127_gold_11','tee_api_18127_gold',11,5,18);
INSERT OR REPLACE INTO holes (id, tee_id, hole_number, par, stroke_index) VALUES ('h_api_18127_gold_12','tee_api_18127_gold',12,4,6);
INSERT OR REPLACE INTO holes (id, tee_id, hole_number, par, stroke_index) VALUES ('h_api_18127_gold_13','tee_api_18127_gold',13,4,2);
INSERT OR REPLACE INTO holes (id, tee_id, hole_number, par, stroke_index) VALUES ('h_api_18127_gold_14','tee_api_18127_gold',14,4,16);
INSERT OR REPLACE INTO holes (id, tee_id, hole_number, par, stroke_index) VALUES ('h_api_18127_gold_15','tee_api_18127_gold',15,3,10);
INSERT OR REPLACE INTO holes (id, tee_id, hole_number, par, stroke_index) VALUES ('h_api_18127_gold_16','tee_api_18127_gold',16,5,14);
INSERT OR REPLACE INTO holes (id, tee_id, hole_number, par, stroke_index) VALUES ('h_api_18127_gold_17','tee_api_18127_gold',17,4,8);
INSERT OR REPLACE INTO holes (id, tee_id, hole_number, par, stroke_index) VALUES ('h_api_18127_gold_18','tee_api_18127_gold',18,4,4);
INSERT OR REPLACE INTO tees (id, course_id, name, gender, course_rating, slope_rating, par, front_course_rating, front_slope_rating, front_par, back_course_rating, back_slope_rating, back_par) VALUES ('tee_api_18127_goldbluecombo','course_api_18127','Gold/Blue Combo','M',70,140,72,35.2,140,36,34.8,140,36);
INSERT OR REPLACE INTO holes (id, tee_id, hole_number, par, stroke_index) VALUES ('h_api_18127_goldbluecombo_01','tee_api_18127_goldbluecombo',1,5,13);
INSERT OR REPLACE INTO holes (id, tee_id, hole_number, par, stroke_index) VALUES ('h_api_18127_goldbluecombo_02','tee_api_18127_goldbluecombo',2,4,5);
INSERT OR REPLACE INTO holes (id, tee_id, hole_number, par, stroke_index) VALUES ('h_api_18127_goldbluecombo_03','tee_api_18127_goldbluecombo',3,4,3);
INSERT OR REPLACE INTO holes (id, tee_id, hole_number, par, stroke_index) VALUES ('h_api_18127_goldbluecombo_04','tee_api_18127_goldbluecombo',4,3,9);
INSERT OR REPLACE INTO holes (id, tee_id, hole_number, par, stroke_index) VALUES ('h_api_18127_goldbluecombo_05','tee_api_18127_goldbluecombo',5,4,11);
INSERT OR REPLACE INTO holes (id, tee_id, hole_number, par, stroke_index) VALUES ('h_api_18127_goldbluecombo_06','tee_api_18127_goldbluecombo',6,3,15);
INSERT OR REPLACE INTO holes (id, tee_id, hole_number, par, stroke_index) VALUES ('h_api_18127_goldbluecombo_07','tee_api_18127_goldbluecombo',7,4,17);
INSERT OR REPLACE INTO holes (id, tee_id, hole_number, par, stroke_index) VALUES ('h_api_18127_goldbluecombo_08','tee_api_18127_goldbluecombo',8,4,1);
INSERT OR REPLACE INTO holes (id, tee_id, hole_number, par, stroke_index) VALUES ('h_api_18127_goldbluecombo_09','tee_api_18127_goldbluecombo',9,5,7);
INSERT OR REPLACE INTO holes (id, tee_id, hole_number, par, stroke_index) VALUES ('h_api_18127_goldbluecombo_10','tee_api_18127_goldbluecombo',10,3,12);
INSERT OR REPLACE INTO holes (id, tee_id, hole_number, par, stroke_index) VALUES ('h_api_18127_goldbluecombo_11','tee_api_18127_goldbluecombo',11,5,18);
INSERT OR REPLACE INTO holes (id, tee_id, hole_number, par, stroke_index) VALUES ('h_api_18127_goldbluecombo_12','tee_api_18127_goldbluecombo',12,4,6);
INSERT OR REPLACE INTO holes (id, tee_id, hole_number, par, stroke_index) VALUES ('h_api_18127_goldbluecombo_13','tee_api_18127_goldbluecombo',13,4,2);
INSERT OR REPLACE INTO holes (id, tee_id, hole_number, par, stroke_index) VALUES ('h_api_18127_goldbluecombo_14','tee_api_18127_goldbluecombo',14,4,16);
INSERT OR REPLACE INTO holes (id, tee_id, hole_number, par, stroke_index) VALUES ('h_api_18127_goldbluecombo_15','tee_api_18127_goldbluecombo',15,3,10);
INSERT OR REPLACE INTO holes (id, tee_id, hole_number, par, stroke_index) VALUES ('h_api_18127_goldbluecombo_16','tee_api_18127_goldbluecombo',16,5,14);
INSERT OR REPLACE INTO holes (id, tee_id, hole_number, par, stroke_index) VALUES ('h_api_18127_goldbluecombo_17','tee_api_18127_goldbluecombo',17,4,8);
INSERT OR REPLACE INTO holes (id, tee_id, hole_number, par, stroke_index) VALUES ('h_api_18127_goldbluecombo_18','tee_api_18127_goldbluecombo',18,4,4);
INSERT OR REPLACE INTO tees (id, course_id, name, gender, course_rating, slope_rating, par, front_course_rating, front_slope_rating, front_par, back_course_rating, back_slope_rating, back_par) VALUES ('tee_api_18127_blue','course_api_18127','Blue','M',69.6,139,72,34.8,139,36,34.8,139,36);
INSERT OR REPLACE INTO holes (id, tee_id, hole_number, par, stroke_index) VALUES ('h_api_18127_blue_01','tee_api_18127_blue',1,5,13);
INSERT OR REPLACE INTO holes (id, tee_id, hole_number, par, stroke_index) VALUES ('h_api_18127_blue_02','tee_api_18127_blue',2,4,5);
INSERT OR REPLACE INTO holes (id, tee_id, hole_number, par, stroke_index) VALUES ('h_api_18127_blue_03','tee_api_18127_blue',3,4,3);
INSERT OR REPLACE INTO holes (id, tee_id, hole_number, par, stroke_index) VALUES ('h_api_18127_blue_04','tee_api_18127_blue',4,3,9);
INSERT OR REPLACE INTO holes (id, tee_id, hole_number, par, stroke_index) VALUES ('h_api_18127_blue_05','tee_api_18127_blue',5,4,11);
INSERT OR REPLACE INTO holes (id, tee_id, hole_number, par, stroke_index) VALUES ('h_api_18127_blue_06','tee_api_18127_blue',6,3,15);
INSERT OR REPLACE INTO holes (id, tee_id, hole_number, par, stroke_index) VALUES ('h_api_18127_blue_07','tee_api_18127_blue',7,4,17);
INSERT OR REPLACE INTO holes (id, tee_id, hole_number, par, stroke_index) VALUES ('h_api_18127_blue_08','tee_api_18127_blue',8,4,1);
INSERT OR REPLACE INTO holes (id, tee_id, hole_number, par, stroke_index) VALUES ('h_api_18127_blue_09','tee_api_18127_blue',9,5,7);
INSERT OR REPLACE INTO holes (id, tee_id, hole_number, par, stroke_index) VALUES ('h_api_18127_blue_10','tee_api_18127_blue',10,3,12);
INSERT OR REPLACE INTO holes (id, tee_id, hole_number, par, stroke_index) VALUES ('h_api_18127_blue_11','tee_api_18127_blue',11,5,18);
INSERT OR REPLACE INTO holes (id, tee_id, hole_number, par, stroke_index) VALUES ('h_api_18127_blue_12','tee_api_18127_blue',12,4,6);
INSERT OR REPLACE INTO holes (id, tee_id, hole_number, par, stroke_index) VALUES ('h_api_18127_blue_13','tee_api_18127_blue',13,4,2);
INSERT OR REPLACE INTO holes (id, tee_id, hole_number, par, stroke_index) VALUES ('h_api_18127_blue_14','tee_api_18127_blue',14,4,16);
INSERT OR REPLACE INTO holes (id, tee_id, hole_number, par, stroke_index) VALUES ('h_api_18127_blue_15','tee_api_18127_blue',15,3,10);
INSERT OR REPLACE INTO holes (id, tee_id, hole_number, par, stroke_index) VALUES ('h_api_18127_blue_16','tee_api_18127_blue',16,5,14);
INSERT OR REPLACE INTO holes (id, tee_id, hole_number, par, stroke_index) VALUES ('h_api_18127_blue_17','tee_api_18127_blue',17,4,8);
INSERT OR REPLACE INTO holes (id, tee_id, hole_number, par, stroke_index) VALUES ('h_api_18127_blue_18','tee_api_18127_blue',18,4,4);
INSERT OR REPLACE INTO tees (id, course_id, name, gender, course_rating, slope_rating, par, front_course_rating, front_slope_rating, front_par, back_course_rating, back_slope_rating, back_par) VALUES ('tee_api_18127_bluewhite','course_api_18127','Blue/White','M',68.9,132,72,34.7,129,36,34.2,135,36);
INSERT OR REPLACE INTO holes (id, tee_id, hole_number, par, stroke_index) VALUES ('h_api_18127_bluewhite_01','tee_api_18127_bluewhite',1,5,13);
INSERT OR REPLACE INTO holes (id, tee_id, hole_number, par, stroke_index) VALUES ('h_api_18127_bluewhite_02','tee_api_18127_bluewhite',2,4,5);
INSERT OR REPLACE INTO holes (id, tee_id, hole_number, par, stroke_index) VALUES ('h_api_18127_bluewhite_03','tee_api_18127_bluewhite',3,4,3);
INSERT OR REPLACE INTO holes (id, tee_id, hole_number, par, stroke_index) VALUES ('h_api_18127_bluewhite_04','tee_api_18127_bluewhite',4,3,9);
INSERT OR REPLACE INTO holes (id, tee_id, hole_number, par, stroke_index) VALUES ('h_api_18127_bluewhite_05','tee_api_18127_bluewhite',5,4,11);
INSERT OR REPLACE INTO holes (id, tee_id, hole_number, par, stroke_index) VALUES ('h_api_18127_bluewhite_06','tee_api_18127_bluewhite',6,3,15);
INSERT OR REPLACE INTO holes (id, tee_id, hole_number, par, stroke_index) VALUES ('h_api_18127_bluewhite_07','tee_api_18127_bluewhite',7,4,17);
INSERT OR REPLACE INTO holes (id, tee_id, hole_number, par, stroke_index) VALUES ('h_api_18127_bluewhite_08','tee_api_18127_bluewhite',8,4,1);
INSERT OR REPLACE INTO holes (id, tee_id, hole_number, par, stroke_index) VALUES ('h_api_18127_bluewhite_09','tee_api_18127_bluewhite',9,5,7);
INSERT OR REPLACE INTO holes (id, tee_id, hole_number, par, stroke_index) VALUES ('h_api_18127_bluewhite_10','tee_api_18127_bluewhite',10,3,12);
INSERT OR REPLACE INTO holes (id, tee_id, hole_number, par, stroke_index) VALUES ('h_api_18127_bluewhite_11','tee_api_18127_bluewhite',11,5,18);
INSERT OR REPLACE INTO holes (id, tee_id, hole_number, par, stroke_index) VALUES ('h_api_18127_bluewhite_12','tee_api_18127_bluewhite',12,4,6);
INSERT OR REPLACE INTO holes (id, tee_id, hole_number, par, stroke_index) VALUES ('h_api_18127_bluewhite_13','tee_api_18127_bluewhite',13,4,2);
INSERT OR REPLACE INTO holes (id, tee_id, hole_number, par, stroke_index) VALUES ('h_api_18127_bluewhite_14','tee_api_18127_bluewhite',14,4,16);
INSERT OR REPLACE INTO holes (id, tee_id, hole_number, par, stroke_index) VALUES ('h_api_18127_bluewhite_15','tee_api_18127_bluewhite',15,3,10);
INSERT OR REPLACE INTO holes (id, tee_id, hole_number, par, stroke_index) VALUES ('h_api_18127_bluewhite_16','tee_api_18127_bluewhite',16,5,14);
INSERT OR REPLACE INTO holes (id, tee_id, hole_number, par, stroke_index) VALUES ('h_api_18127_bluewhite_17','tee_api_18127_bluewhite',17,4,8);
INSERT OR REPLACE INTO holes (id, tee_id, hole_number, par, stroke_index) VALUES ('h_api_18127_bluewhite_18','tee_api_18127_bluewhite',18,4,4);
INSERT OR REPLACE INTO tees (id, course_id, name, gender, course_rating, slope_rating, par, front_course_rating, front_slope_rating, front_par, back_course_rating, back_slope_rating, back_par) VALUES ('tee_api_18127_white','course_api_18127','White','M',67.9,123,72,34.3,124,36,33.6,122,36);
INSERT OR REPLACE INTO holes (id, tee_id, hole_number, par, stroke_index) VALUES ('h_api_18127_white_01','tee_api_18127_white',1,5,13);
INSERT OR REPLACE INTO holes (id, tee_id, hole_number, par, stroke_index) VALUES ('h_api_18127_white_02','tee_api_18127_white',2,4,5);
INSERT OR REPLACE INTO holes (id, tee_id, hole_number, par, stroke_index) VALUES ('h_api_18127_white_03','tee_api_18127_white',3,4,3);
INSERT OR REPLACE INTO holes (id, tee_id, hole_number, par, stroke_index) VALUES ('h_api_18127_white_04','tee_api_18127_white',4,3,9);
INSERT OR REPLACE INTO holes (id, tee_id, hole_number, par, stroke_index) VALUES ('h_api_18127_white_05','tee_api_18127_white',5,4,11);
INSERT OR REPLACE INTO holes (id, tee_id, hole_number, par, stroke_index) VALUES ('h_api_18127_white_06','tee_api_18127_white',6,3,15);
INSERT OR REPLACE INTO holes (id, tee_id, hole_number, par, stroke_index) VALUES ('h_api_18127_white_07','tee_api_18127_white',7,4,17);
INSERT OR REPLACE INTO holes (id, tee_id, hole_number, par, stroke_index) VALUES ('h_api_18127_white_08','tee_api_18127_white',8,4,1);
INSERT OR REPLACE INTO holes (id, tee_id, hole_number, par, stroke_index) VALUES ('h_api_18127_white_09','tee_api_18127_white',9,5,7);
INSERT OR REPLACE INTO holes (id, tee_id, hole_number, par, stroke_index) VALUES ('h_api_18127_white_10','tee_api_18127_white',10,3,12);
INSERT OR REPLACE INTO holes (id, tee_id, hole_number, par, stroke_index) VALUES ('h_api_18127_white_11','tee_api_18127_white',11,5,18);
INSERT OR REPLACE INTO holes (id, tee_id, hole_number, par, stroke_index) VALUES ('h_api_18127_white_12','tee_api_18127_white',12,4,6);
INSERT OR REPLACE INTO holes (id, tee_id, hole_number, par, stroke_index) VALUES ('h_api_18127_white_13','tee_api_18127_white',13,4,2);
INSERT OR REPLACE INTO holes (id, tee_id, hole_number, par, stroke_index) VALUES ('h_api_18127_white_14','tee_api_18127_white',14,4,16);
INSERT OR REPLACE INTO holes (id, tee_id, hole_number, par, stroke_index) VALUES ('h_api_18127_white_15','tee_api_18127_white',15,3,10);
INSERT OR REPLACE INTO holes (id, tee_id, hole_number, par, stroke_index) VALUES ('h_api_18127_white_16','tee_api_18127_white',16,5,14);
INSERT OR REPLACE INTO holes (id, tee_id, hole_number, par, stroke_index) VALUES ('h_api_18127_white_17','tee_api_18127_white',17,4,8);
INSERT OR REPLACE INTO holes (id, tee_id, hole_number, par, stroke_index) VALUES ('h_api_18127_white_18','tee_api_18127_white',18,4,4);
INSERT OR REPLACE INTO tees (id, course_id, name, gender, course_rating, slope_rating, par, front_course_rating, front_slope_rating, front_par, back_course_rating, back_slope_rating, back_par) VALUES ('tee_api_18127_whitered','course_api_18127','White/Red','M',66.2,120,73,33.3,121,37,32.9,119,36);
INSERT OR REPLACE INTO holes (id, tee_id, hole_number, par, stroke_index) VALUES ('h_api_18127_whitered_01','tee_api_18127_whitered',1,5,13);
INSERT OR REPLACE INTO holes (id, tee_id, hole_number, par, stroke_index) VALUES ('h_api_18127_whitered_02','tee_api_18127_whitered',2,4,5);
INSERT OR REPLACE INTO holes (id, tee_id, hole_number, par, stroke_index) VALUES ('h_api_18127_whitered_03','tee_api_18127_whitered',3,5,3);
INSERT OR REPLACE INTO holes (id, tee_id, hole_number, par, stroke_index) VALUES ('h_api_18127_whitered_04','tee_api_18127_whitered',4,3,9);
INSERT OR REPLACE INTO holes (id, tee_id, hole_number, par, stroke_index) VALUES ('h_api_18127_whitered_05','tee_api_18127_whitered',5,4,11);
INSERT OR REPLACE INTO holes (id, tee_id, hole_number, par, stroke_index) VALUES ('h_api_18127_whitered_06','tee_api_18127_whitered',6,3,15);
INSERT OR REPLACE INTO holes (id, tee_id, hole_number, par, stroke_index) VALUES ('h_api_18127_whitered_07','tee_api_18127_whitered',7,4,17);
INSERT OR REPLACE INTO holes (id, tee_id, hole_number, par, stroke_index) VALUES ('h_api_18127_whitered_08','tee_api_18127_whitered',8,4,1);
INSERT OR REPLACE INTO holes (id, tee_id, hole_number, par, stroke_index) VALUES ('h_api_18127_whitered_09','tee_api_18127_whitered',9,5,7);
INSERT OR REPLACE INTO holes (id, tee_id, hole_number, par, stroke_index) VALUES ('h_api_18127_whitered_10','tee_api_18127_whitered',10,3,12);
INSERT OR REPLACE INTO holes (id, tee_id, hole_number, par, stroke_index) VALUES ('h_api_18127_whitered_11','tee_api_18127_whitered',11,5,18);
INSERT OR REPLACE INTO holes (id, tee_id, hole_number, par, stroke_index) VALUES ('h_api_18127_whitered_12','tee_api_18127_whitered',12,4,6);
INSERT OR REPLACE INTO holes (id, tee_id, hole_number, par, stroke_index) VALUES ('h_api_18127_whitered_13','tee_api_18127_whitered',13,4,2);
INSERT OR REPLACE INTO holes (id, tee_id, hole_number, par, stroke_index) VALUES ('h_api_18127_whitered_14','tee_api_18127_whitered',14,4,16);
INSERT OR REPLACE INTO holes (id, tee_id, hole_number, par, stroke_index) VALUES ('h_api_18127_whitered_15','tee_api_18127_whitered',15,3,10);
INSERT OR REPLACE INTO holes (id, tee_id, hole_number, par, stroke_index) VALUES ('h_api_18127_whitered_16','tee_api_18127_whitered',16,5,14);
INSERT OR REPLACE INTO holes (id, tee_id, hole_number, par, stroke_index) VALUES ('h_api_18127_whitered_17','tee_api_18127_whitered',17,4,8);
INSERT OR REPLACE INTO holes (id, tee_id, hole_number, par, stroke_index) VALUES ('h_api_18127_whitered_18','tee_api_18127_whitered',18,4,4);
INSERT OR REPLACE INTO tees (id, course_id, name, gender, course_rating, slope_rating, par, front_course_rating, front_slope_rating, front_par, back_course_rating, back_slope_rating, back_par) VALUES ('tee_api_18127_red','course_api_18127','Red','M',62.5,113,72,31.3,113,36,31.2,113,36);
INSERT OR REPLACE INTO holes (id, tee_id, hole_number, par, stroke_index) VALUES ('h_api_18127_red_01','tee_api_18127_red',1,4,13);
INSERT OR REPLACE INTO holes (id, tee_id, hole_number, par, stroke_index) VALUES ('h_api_18127_red_02','tee_api_18127_red',2,4,5);
INSERT OR REPLACE INTO holes (id, tee_id, hole_number, par, stroke_index) VALUES ('h_api_18127_red_03','tee_api_18127_red',3,5,3);
INSERT OR REPLACE INTO holes (id, tee_id, hole_number, par, stroke_index) VALUES ('h_api_18127_red_04','tee_api_18127_red',4,3,9);
INSERT OR REPLACE INTO holes (id, tee_id, hole_number, par, stroke_index) VALUES ('h_api_18127_red_05','tee_api_18127_red',5,4,11);
INSERT OR REPLACE INTO holes (id, tee_id, hole_number, par, stroke_index) VALUES ('h_api_18127_red_06','tee_api_18127_red',6,3,15);
INSERT OR REPLACE INTO holes (id, tee_id, hole_number, par, stroke_index) VALUES ('h_api_18127_red_07','tee_api_18127_red',7,4,17);
INSERT OR REPLACE INTO holes (id, tee_id, hole_number, par, stroke_index) VALUES ('h_api_18127_red_08','tee_api_18127_red',8,4,1);
INSERT OR REPLACE INTO holes (id, tee_id, hole_number, par, stroke_index) VALUES ('h_api_18127_red_09','tee_api_18127_red',9,5,7);
INSERT OR REPLACE INTO holes (id, tee_id, hole_number, par, stroke_index) VALUES ('h_api_18127_red_10','tee_api_18127_red',10,3,12);
INSERT OR REPLACE INTO holes (id, tee_id, hole_number, par, stroke_index) VALUES ('h_api_18127_red_11','tee_api_18127_red',11,5,18);
INSERT OR REPLACE INTO holes (id, tee_id, hole_number, par, stroke_index) VALUES ('h_api_18127_red_12','tee_api_18127_red',12,4,6);
INSERT OR REPLACE INTO holes (id, tee_id, hole_number, par, stroke_index) VALUES ('h_api_18127_red_13','tee_api_18127_red',13,4,2);
INSERT OR REPLACE INTO holes (id, tee_id, hole_number, par, stroke_index) VALUES ('h_api_18127_red_14','tee_api_18127_red',14,4,16);
INSERT OR REPLACE INTO holes (id, tee_id, hole_number, par, stroke_index) VALUES ('h_api_18127_red_15','tee_api_18127_red',15,3,10);
INSERT OR REPLACE INTO holes (id, tee_id, hole_number, par, stroke_index) VALUES ('h_api_18127_red_16','tee_api_18127_red',16,5,14);
INSERT OR REPLACE INTO holes (id, tee_id, hole_number, par, stroke_index) VALUES ('h_api_18127_red_17','tee_api_18127_red',17,4,8);
INSERT OR REPLACE INTO holes (id, tee_id, hole_number, par, stroke_index) VALUES ('h_api_18127_red_18','tee_api_18127_red',18,4,4);

INSERT OR REPLACE INTO courses (id, name, city, state, latitude, longitude, created_at) VALUES ('course_api_18080','Shoal Creek Golf Course','Kansas City','MO',39.255318,-94.486015,'2026-06-09T00:00:00.000Z');
INSERT OR REPLACE INTO tees (id, course_id, name, gender, course_rating, slope_rating, par, front_course_rating, front_slope_rating, front_par, back_course_rating, back_slope_rating, back_par) VALUES ('tee_api_18080_gold','course_api_18080','Gold','M',73.7,138,71,37.5,138,36,36.2,138,35);
INSERT OR REPLACE INTO holes (id, tee_id, hole_number, par, stroke_index) VALUES ('h_api_18080_gold_01','tee_api_18080_gold',1,4,3);
INSERT OR REPLACE INTO holes (id, tee_id, hole_number, par, stroke_index) VALUES ('h_api_18080_gold_02','tee_api_18080_gold',2,4,15);
INSERT OR REPLACE INTO holes (id, tee_id, hole_number, par, stroke_index) VALUES ('h_api_18080_gold_03','tee_api_18080_gold',3,3,13);
INSERT OR REPLACE INTO holes (id, tee_id, hole_number, par, stroke_index) VALUES ('h_api_18080_gold_04','tee_api_18080_gold',4,4,7);
INSERT OR REPLACE INTO holes (id, tee_id, hole_number, par, stroke_index) VALUES ('h_api_18080_gold_05','tee_api_18080_gold',5,3,11);
INSERT OR REPLACE INTO holes (id, tee_id, hole_number, par, stroke_index) VALUES ('h_api_18080_gold_06','tee_api_18080_gold',6,4,17);
INSERT OR REPLACE INTO holes (id, tee_id, hole_number, par, stroke_index) VALUES ('h_api_18080_gold_07','tee_api_18080_gold',7,5,1);
INSERT OR REPLACE INTO holes (id, tee_id, hole_number, par, stroke_index) VALUES ('h_api_18080_gold_08','tee_api_18080_gold',8,4,5);
INSERT OR REPLACE INTO holes (id, tee_id, hole_number, par, stroke_index) VALUES ('h_api_18080_gold_09','tee_api_18080_gold',9,5,9);
INSERT OR REPLACE INTO holes (id, tee_id, hole_number, par, stroke_index) VALUES ('h_api_18080_gold_10','tee_api_18080_gold',10,4,10);
INSERT OR REPLACE INTO holes (id, tee_id, hole_number, par, stroke_index) VALUES ('h_api_18080_gold_11','tee_api_18080_gold',11,3,14);
INSERT OR REPLACE INTO holes (id, tee_id, hole_number, par, stroke_index) VALUES ('h_api_18080_gold_12','tee_api_18080_gold',12,4,16);
INSERT OR REPLACE INTO holes (id, tee_id, hole_number, par, stroke_index) VALUES ('h_api_18080_gold_13','tee_api_18080_gold',13,5,4);
INSERT OR REPLACE INTO holes (id, tee_id, hole_number, par, stroke_index) VALUES ('h_api_18080_gold_14','tee_api_18080_gold',14,4,6);
INSERT OR REPLACE INTO holes (id, tee_id, hole_number, par, stroke_index) VALUES ('h_api_18080_gold_15','tee_api_18080_gold',15,4,8);
INSERT OR REPLACE INTO holes (id, tee_id, hole_number, par, stroke_index) VALUES ('h_api_18080_gold_16','tee_api_18080_gold',16,4,18);
INSERT OR REPLACE INTO holes (id, tee_id, hole_number, par, stroke_index) VALUES ('h_api_18080_gold_17','tee_api_18080_gold',17,3,12);
INSERT OR REPLACE INTO holes (id, tee_id, hole_number, par, stroke_index) VALUES ('h_api_18080_gold_18','tee_api_18080_gold',18,4,2);
INSERT OR REPLACE INTO tees (id, course_id, name, gender, course_rating, slope_rating, par, front_course_rating, front_slope_rating, front_par, back_course_rating, back_slope_rating, back_par) VALUES ('tee_api_18080_goldblue','course_api_18080','Gold/Blue','M',72,135,71,36.5,135,36,35.5,135,35);
INSERT OR REPLACE INTO holes (id, tee_id, hole_number, par, stroke_index) VALUES ('h_api_18080_goldblue_01','tee_api_18080_goldblue',1,4,3);
INSERT OR REPLACE INTO holes (id, tee_id, hole_number, par, stroke_index) VALUES ('h_api_18080_goldblue_02','tee_api_18080_goldblue',2,4,15);
INSERT OR REPLACE INTO holes (id, tee_id, hole_number, par, stroke_index) VALUES ('h_api_18080_goldblue_03','tee_api_18080_goldblue',3,3,13);
INSERT OR REPLACE INTO holes (id, tee_id, hole_number, par, stroke_index) VALUES ('h_api_18080_goldblue_04','tee_api_18080_goldblue',4,4,7);
INSERT OR REPLACE INTO holes (id, tee_id, hole_number, par, stroke_index) VALUES ('h_api_18080_goldblue_05','tee_api_18080_goldblue',5,3,11);
INSERT OR REPLACE INTO holes (id, tee_id, hole_number, par, stroke_index) VALUES ('h_api_18080_goldblue_06','tee_api_18080_goldblue',6,4,17);
INSERT OR REPLACE INTO holes (id, tee_id, hole_number, par, stroke_index) VALUES ('h_api_18080_goldblue_07','tee_api_18080_goldblue',7,5,1);
INSERT OR REPLACE INTO holes (id, tee_id, hole_number, par, stroke_index) VALUES ('h_api_18080_goldblue_08','tee_api_18080_goldblue',8,4,5);
INSERT OR REPLACE INTO holes (id, tee_id, hole_number, par, stroke_index) VALUES ('h_api_18080_goldblue_09','tee_api_18080_goldblue',9,5,9);
INSERT OR REPLACE INTO holes (id, tee_id, hole_number, par, stroke_index) VALUES ('h_api_18080_goldblue_10','tee_api_18080_goldblue',10,4,10);
INSERT OR REPLACE INTO holes (id, tee_id, hole_number, par, stroke_index) VALUES ('h_api_18080_goldblue_11','tee_api_18080_goldblue',11,3,14);
INSERT OR REPLACE INTO holes (id, tee_id, hole_number, par, stroke_index) VALUES ('h_api_18080_goldblue_12','tee_api_18080_goldblue',12,4,16);
INSERT OR REPLACE INTO holes (id, tee_id, hole_number, par, stroke_index) VALUES ('h_api_18080_goldblue_13','tee_api_18080_goldblue',13,5,4);
INSERT OR REPLACE INTO holes (id, tee_id, hole_number, par, stroke_index) VALUES ('h_api_18080_goldblue_14','tee_api_18080_goldblue',14,4,6);
INSERT OR REPLACE INTO holes (id, tee_id, hole_number, par, stroke_index) VALUES ('h_api_18080_goldblue_15','tee_api_18080_goldblue',15,4,8);
INSERT OR REPLACE INTO holes (id, tee_id, hole_number, par, stroke_index) VALUES ('h_api_18080_goldblue_16','tee_api_18080_goldblue',16,4,18);
INSERT OR REPLACE INTO holes (id, tee_id, hole_number, par, stroke_index) VALUES ('h_api_18080_goldblue_17','tee_api_18080_goldblue',17,3,12);
INSERT OR REPLACE INTO holes (id, tee_id, hole_number, par, stroke_index) VALUES ('h_api_18080_goldblue_18','tee_api_18080_goldblue',18,4,2);
INSERT OR REPLACE INTO tees (id, course_id, name, gender, course_rating, slope_rating, par, front_course_rating, front_slope_rating, front_par, back_course_rating, back_slope_rating, back_par) VALUES ('tee_api_18080_blue','course_api_18080','Blue','M',70.6,129,71,35.8,130,36,34.8,128,35);
INSERT OR REPLACE INTO holes (id, tee_id, hole_number, par, stroke_index) VALUES ('h_api_18080_blue_01','tee_api_18080_blue',1,4,3);
INSERT OR REPLACE INTO holes (id, tee_id, hole_number, par, stroke_index) VALUES ('h_api_18080_blue_02','tee_api_18080_blue',2,4,15);
INSERT OR REPLACE INTO holes (id, tee_id, hole_number, par, stroke_index) VALUES ('h_api_18080_blue_03','tee_api_18080_blue',3,3,13);
INSERT OR REPLACE INTO holes (id, tee_id, hole_number, par, stroke_index) VALUES ('h_api_18080_blue_04','tee_api_18080_blue',4,4,7);
INSERT OR REPLACE INTO holes (id, tee_id, hole_number, par, stroke_index) VALUES ('h_api_18080_blue_05','tee_api_18080_blue',5,3,11);
INSERT OR REPLACE INTO holes (id, tee_id, hole_number, par, stroke_index) VALUES ('h_api_18080_blue_06','tee_api_18080_blue',6,4,17);
INSERT OR REPLACE INTO holes (id, tee_id, hole_number, par, stroke_index) VALUES ('h_api_18080_blue_07','tee_api_18080_blue',7,5,1);
INSERT OR REPLACE INTO holes (id, tee_id, hole_number, par, stroke_index) VALUES ('h_api_18080_blue_08','tee_api_18080_blue',8,4,5);
INSERT OR REPLACE INTO holes (id, tee_id, hole_number, par, stroke_index) VALUES ('h_api_18080_blue_09','tee_api_18080_blue',9,5,9);
INSERT OR REPLACE INTO holes (id, tee_id, hole_number, par, stroke_index) VALUES ('h_api_18080_blue_10','tee_api_18080_blue',10,4,10);
INSERT OR REPLACE INTO holes (id, tee_id, hole_number, par, stroke_index) VALUES ('h_api_18080_blue_11','tee_api_18080_blue',11,3,14);
INSERT OR REPLACE INTO holes (id, tee_id, hole_number, par, stroke_index) VALUES ('h_api_18080_blue_12','tee_api_18080_blue',12,4,16);
INSERT OR REPLACE INTO holes (id, tee_id, hole_number, par, stroke_index) VALUES ('h_api_18080_blue_13','tee_api_18080_blue',13,5,4);
INSERT OR REPLACE INTO holes (id, tee_id, hole_number, par, stroke_index) VALUES ('h_api_18080_blue_14','tee_api_18080_blue',14,4,6);
INSERT OR REPLACE INTO holes (id, tee_id, hole_number, par, stroke_index) VALUES ('h_api_18080_blue_15','tee_api_18080_blue',15,4,8);
INSERT OR REPLACE INTO holes (id, tee_id, hole_number, par, stroke_index) VALUES ('h_api_18080_blue_16','tee_api_18080_blue',16,4,18);
INSERT OR REPLACE INTO holes (id, tee_id, hole_number, par, stroke_index) VALUES ('h_api_18080_blue_17','tee_api_18080_blue',17,3,12);
INSERT OR REPLACE INTO holes (id, tee_id, hole_number, par, stroke_index) VALUES ('h_api_18080_blue_18','tee_api_18080_blue',18,4,2);
INSERT OR REPLACE INTO tees (id, course_id, name, gender, course_rating, slope_rating, par, front_course_rating, front_slope_rating, front_par, back_course_rating, back_slope_rating, back_par) VALUES ('tee_api_18080_bluewhite','course_api_18080','Blue/White','M',68.9,126,71,35,129,36,33.9,123,35);
INSERT OR REPLACE INTO holes (id, tee_id, hole_number, par, stroke_index) VALUES ('h_api_18080_bluewhite_01','tee_api_18080_bluewhite',1,4,3);
INSERT OR REPLACE INTO holes (id, tee_id, hole_number, par, stroke_index) VALUES ('h_api_18080_bluewhite_02','tee_api_18080_bluewhite',2,4,15);
INSERT OR REPLACE INTO holes (id, tee_id, hole_number, par, stroke_index) VALUES ('h_api_18080_bluewhite_03','tee_api_18080_bluewhite',3,3,13);
INSERT OR REPLACE INTO holes (id, tee_id, hole_number, par, stroke_index) VALUES ('h_api_18080_bluewhite_04','tee_api_18080_bluewhite',4,4,7);
INSERT OR REPLACE INTO holes (id, tee_id, hole_number, par, stroke_index) VALUES ('h_api_18080_bluewhite_05','tee_api_18080_bluewhite',5,3,11);
INSERT OR REPLACE INTO holes (id, tee_id, hole_number, par, stroke_index) VALUES ('h_api_18080_bluewhite_06','tee_api_18080_bluewhite',6,4,17);
INSERT OR REPLACE INTO holes (id, tee_id, hole_number, par, stroke_index) VALUES ('h_api_18080_bluewhite_07','tee_api_18080_bluewhite',7,5,1);
INSERT OR REPLACE INTO holes (id, tee_id, hole_number, par, stroke_index) VALUES ('h_api_18080_bluewhite_08','tee_api_18080_bluewhite',8,4,5);
INSERT OR REPLACE INTO holes (id, tee_id, hole_number, par, stroke_index) VALUES ('h_api_18080_bluewhite_09','tee_api_18080_bluewhite',9,5,9);
INSERT OR REPLACE INTO holes (id, tee_id, hole_number, par, stroke_index) VALUES ('h_api_18080_bluewhite_10','tee_api_18080_bluewhite',10,4,10);
INSERT OR REPLACE INTO holes (id, tee_id, hole_number, par, stroke_index) VALUES ('h_api_18080_bluewhite_11','tee_api_18080_bluewhite',11,3,14);
INSERT OR REPLACE INTO holes (id, tee_id, hole_number, par, stroke_index) VALUES ('h_api_18080_bluewhite_12','tee_api_18080_bluewhite',12,4,16);
INSERT OR REPLACE INTO holes (id, tee_id, hole_number, par, stroke_index) VALUES ('h_api_18080_bluewhite_13','tee_api_18080_bluewhite',13,5,4);
INSERT OR REPLACE INTO holes (id, tee_id, hole_number, par, stroke_index) VALUES ('h_api_18080_bluewhite_14','tee_api_18080_bluewhite',14,4,6);
INSERT OR REPLACE INTO holes (id, tee_id, hole_number, par, stroke_index) VALUES ('h_api_18080_bluewhite_15','tee_api_18080_bluewhite',15,4,8);
INSERT OR REPLACE INTO holes (id, tee_id, hole_number, par, stroke_index) VALUES ('h_api_18080_bluewhite_16','tee_api_18080_bluewhite',16,4,18);
INSERT OR REPLACE INTO holes (id, tee_id, hole_number, par, stroke_index) VALUES ('h_api_18080_bluewhite_17','tee_api_18080_bluewhite',17,3,12);
INSERT OR REPLACE INTO holes (id, tee_id, hole_number, par, stroke_index) VALUES ('h_api_18080_bluewhite_18','tee_api_18080_bluewhite',18,4,2);
INSERT OR REPLACE INTO tees (id, course_id, name, gender, course_rating, slope_rating, par, front_course_rating, front_slope_rating, front_par, back_course_rating, back_slope_rating, back_par) VALUES ('tee_api_18080_white','course_api_18080','White','M',67.2,120,71,33.9,121,36,33.3,118,35);
INSERT OR REPLACE INTO holes (id, tee_id, hole_number, par, stroke_index) VALUES ('h_api_18080_white_01','tee_api_18080_white',1,4,3);
INSERT OR REPLACE INTO holes (id, tee_id, hole_number, par, stroke_index) VALUES ('h_api_18080_white_02','tee_api_18080_white',2,4,15);
INSERT OR REPLACE INTO holes (id, tee_id, hole_number, par, stroke_index) VALUES ('h_api_18080_white_03','tee_api_18080_white',3,3,13);
INSERT OR REPLACE INTO holes (id, tee_id, hole_number, par, stroke_index) VALUES ('h_api_18080_white_04','tee_api_18080_white',4,4,7);
INSERT OR REPLACE INTO holes (id, tee_id, hole_number, par, stroke_index) VALUES ('h_api_18080_white_05','tee_api_18080_white',5,3,11);
INSERT OR REPLACE INTO holes (id, tee_id, hole_number, par, stroke_index) VALUES ('h_api_18080_white_06','tee_api_18080_white',6,4,17);
INSERT OR REPLACE INTO holes (id, tee_id, hole_number, par, stroke_index) VALUES ('h_api_18080_white_07','tee_api_18080_white',7,5,1);
INSERT OR REPLACE INTO holes (id, tee_id, hole_number, par, stroke_index) VALUES ('h_api_18080_white_08','tee_api_18080_white',8,4,5);
INSERT OR REPLACE INTO holes (id, tee_id, hole_number, par, stroke_index) VALUES ('h_api_18080_white_09','tee_api_18080_white',9,5,9);
INSERT OR REPLACE INTO holes (id, tee_id, hole_number, par, stroke_index) VALUES ('h_api_18080_white_10','tee_api_18080_white',10,4,10);
INSERT OR REPLACE INTO holes (id, tee_id, hole_number, par, stroke_index) VALUES ('h_api_18080_white_11','tee_api_18080_white',11,3,14);
INSERT OR REPLACE INTO holes (id, tee_id, hole_number, par, stroke_index) VALUES ('h_api_18080_white_12','tee_api_18080_white',12,4,16);
INSERT OR REPLACE INTO holes (id, tee_id, hole_number, par, stroke_index) VALUES ('h_api_18080_white_13','tee_api_18080_white',13,5,4);
INSERT OR REPLACE INTO holes (id, tee_id, hole_number, par, stroke_index) VALUES ('h_api_18080_white_14','tee_api_18080_white',14,4,6);
INSERT OR REPLACE INTO holes (id, tee_id, hole_number, par, stroke_index) VALUES ('h_api_18080_white_15','tee_api_18080_white',15,4,8);
INSERT OR REPLACE INTO holes (id, tee_id, hole_number, par, stroke_index) VALUES ('h_api_18080_white_16','tee_api_18080_white',16,4,18);
INSERT OR REPLACE INTO holes (id, tee_id, hole_number, par, stroke_index) VALUES ('h_api_18080_white_17','tee_api_18080_white',17,3,12);
INSERT OR REPLACE INTO holes (id, tee_id, hole_number, par, stroke_index) VALUES ('h_api_18080_white_18','tee_api_18080_white',18,4,2);
INSERT OR REPLACE INTO tees (id, course_id, name, gender, course_rating, slope_rating, par, front_course_rating, front_slope_rating, front_par, back_course_rating, back_slope_rating, back_par) VALUES ('tee_api_18080_whiteblack','course_api_18080','White/Black','M',65.5,116,71,33.1,116,36,32.4,116,35);
INSERT OR REPLACE INTO holes (id, tee_id, hole_number, par, stroke_index) VALUES ('h_api_18080_whiteblack_01','tee_api_18080_whiteblack',1,4,3);
INSERT OR REPLACE INTO holes (id, tee_id, hole_number, par, stroke_index) VALUES ('h_api_18080_whiteblack_02','tee_api_18080_whiteblack',2,4,15);
INSERT OR REPLACE INTO holes (id, tee_id, hole_number, par, stroke_index) VALUES ('h_api_18080_whiteblack_03','tee_api_18080_whiteblack',3,3,13);
INSERT OR REPLACE INTO holes (id, tee_id, hole_number, par, stroke_index) VALUES ('h_api_18080_whiteblack_04','tee_api_18080_whiteblack',4,4,7);
INSERT OR REPLACE INTO holes (id, tee_id, hole_number, par, stroke_index) VALUES ('h_api_18080_whiteblack_05','tee_api_18080_whiteblack',5,3,11);
INSERT OR REPLACE INTO holes (id, tee_id, hole_number, par, stroke_index) VALUES ('h_api_18080_whiteblack_06','tee_api_18080_whiteblack',6,4,17);
INSERT OR REPLACE INTO holes (id, tee_id, hole_number, par, stroke_index) VALUES ('h_api_18080_whiteblack_07','tee_api_18080_whiteblack',7,5,1);
INSERT OR REPLACE INTO holes (id, tee_id, hole_number, par, stroke_index) VALUES ('h_api_18080_whiteblack_08','tee_api_18080_whiteblack',8,4,5);
INSERT OR REPLACE INTO holes (id, tee_id, hole_number, par, stroke_index) VALUES ('h_api_18080_whiteblack_09','tee_api_18080_whiteblack',9,5,9);
INSERT OR REPLACE INTO holes (id, tee_id, hole_number, par, stroke_index) VALUES ('h_api_18080_whiteblack_10','tee_api_18080_whiteblack',10,4,10);
INSERT OR REPLACE INTO holes (id, tee_id, hole_number, par, stroke_index) VALUES ('h_api_18080_whiteblack_11','tee_api_18080_whiteblack',11,3,14);
INSERT OR REPLACE INTO holes (id, tee_id, hole_number, par, stroke_index) VALUES ('h_api_18080_whiteblack_12','tee_api_18080_whiteblack',12,4,16);
INSERT OR REPLACE INTO holes (id, tee_id, hole_number, par, stroke_index) VALUES ('h_api_18080_whiteblack_13','tee_api_18080_whiteblack',13,5,4);
INSERT OR REPLACE INTO holes (id, tee_id, hole_number, par, stroke_index) VALUES ('h_api_18080_whiteblack_14','tee_api_18080_whiteblack',14,4,6);
INSERT OR REPLACE INTO holes (id, tee_id, hole_number, par, stroke_index) VALUES ('h_api_18080_whiteblack_15','tee_api_18080_whiteblack',15,4,8);
INSERT OR REPLACE INTO holes (id, tee_id, hole_number, par, stroke_index) VALUES ('h_api_18080_whiteblack_16','tee_api_18080_whiteblack',16,4,18);
INSERT OR REPLACE INTO holes (id, tee_id, hole_number, par, stroke_index) VALUES ('h_api_18080_whiteblack_17','tee_api_18080_whiteblack',17,3,12);
INSERT OR REPLACE INTO holes (id, tee_id, hole_number, par, stroke_index) VALUES ('h_api_18080_whiteblack_18','tee_api_18080_whiteblack',18,4,2);
INSERT OR REPLACE INTO tees (id, course_id, name, gender, course_rating, slope_rating, par, front_course_rating, front_slope_rating, front_par, back_course_rating, back_slope_rating, back_par) VALUES ('tee_api_18080_black','course_api_18080','Black','M',63.5,109,68,32.5,114,35,31,103,33);
INSERT OR REPLACE INTO holes (id, tee_id, hole_number, par, stroke_index) VALUES ('h_api_18080_black_01','tee_api_18080_black',1,4,3);
INSERT OR REPLACE INTO holes (id, tee_id, hole_number, par, stroke_index) VALUES ('h_api_18080_black_02','tee_api_18080_black',2,4,15);
INSERT OR REPLACE INTO holes (id, tee_id, hole_number, par, stroke_index) VALUES ('h_api_18080_black_03','tee_api_18080_black',3,3,13);
INSERT OR REPLACE INTO holes (id, tee_id, hole_number, par, stroke_index) VALUES ('h_api_18080_black_04','tee_api_18080_black',4,4,7);
INSERT OR REPLACE INTO holes (id, tee_id, hole_number, par, stroke_index) VALUES ('h_api_18080_black_05','tee_api_18080_black',5,3,11);
INSERT OR REPLACE INTO holes (id, tee_id, hole_number, par, stroke_index) VALUES ('h_api_18080_black_06','tee_api_18080_black',6,4,17);
INSERT OR REPLACE INTO holes (id, tee_id, hole_number, par, stroke_index) VALUES ('h_api_18080_black_07','tee_api_18080_black',7,5,1);
INSERT OR REPLACE INTO holes (id, tee_id, hole_number, par, stroke_index) VALUES ('h_api_18080_black_08','tee_api_18080_black',8,4,5);
INSERT OR REPLACE INTO holes (id, tee_id, hole_number, par, stroke_index) VALUES ('h_api_18080_black_09','tee_api_18080_black',9,4,9);
INSERT OR REPLACE INTO holes (id, tee_id, hole_number, par, stroke_index) VALUES ('h_api_18080_black_10','tee_api_18080_black',10,4,10);
INSERT OR REPLACE INTO holes (id, tee_id, hole_number, par, stroke_index) VALUES ('h_api_18080_black_11','tee_api_18080_black',11,3,14);
INSERT OR REPLACE INTO holes (id, tee_id, hole_number, par, stroke_index) VALUES ('h_api_18080_black_12','tee_api_18080_black',12,3,16);
INSERT OR REPLACE INTO holes (id, tee_id, hole_number, par, stroke_index) VALUES ('h_api_18080_black_13','tee_api_18080_black',13,4,4);
INSERT OR REPLACE INTO holes (id, tee_id, hole_number, par, stroke_index) VALUES ('h_api_18080_black_14','tee_api_18080_black',14,4,6);
INSERT OR REPLACE INTO holes (id, tee_id, hole_number, par, stroke_index) VALUES ('h_api_18080_black_15','tee_api_18080_black',15,4,8);
INSERT OR REPLACE INTO holes (id, tee_id, hole_number, par, stroke_index) VALUES ('h_api_18080_black_16','tee_api_18080_black',16,4,18);
INSERT OR REPLACE INTO holes (id, tee_id, hole_number, par, stroke_index) VALUES ('h_api_18080_black_17','tee_api_18080_black',17,3,12);
INSERT OR REPLACE INTO holes (id, tee_id, hole_number, par, stroke_index) VALUES ('h_api_18080_black_18','tee_api_18080_black',18,4,2);

